代码,    名称,.,所属行业
600000,浦发银行,3,银行
600004,白云机场,,机场航运
600005,武钢股份,3,钢铁
600006,东风汽车,3,汽车整车
600007,中国国贸,3,房地产开发
600008,首创股份,3,燃气水务
600009,上海机场,3,机场航运
600010,包钢股份,3,钢铁
600011,华能国际,3,电力
600012,皖通高速,,公路铁路运输
600015,华夏银行,3,银行
600016,民生银行,3,银行
600017,日照港,3,港口航运
600018,上港集团,3,港口航运
600019,宝钢股份,3,钢铁
600020,中原高速,,公路铁路运输
600021,上海电力,3,电力
600022,山东钢铁,3,钢铁
600023,浙能电力,3,电力
600026,中海发展,3,港口航运
600027,华电国际,3,电力
600028,中国石化,3,基础化学
600029,南方航空,3,机场航运
600030,中信证券,3,证券
600031,三一重工,3,专用设备
600033,福建高速,,公路铁路运输
600035,楚天高速,,公路铁路运输
600036,招商银行,3,银行
600037,歌华有线,3,通信服务
600038,中直股份,3,国防军工
600039,四川路桥,3,建筑装饰
600048,保利地产,3,房地产开发
600050,中国联通,3,通信服务
600051,宁波联合,,综合
600052,浙江广厦,,房地产开发
600053,中江地产,,综合
600054,黄山旅游,,景点及旅游
600055,华润万东,,医疗器械服务
600056,中国医药,3,医药商业
600057,象屿股份,,物流
600058,五矿发展,3,贸易
600059,古越龙山,3,饮料制造
600060,海信电器,3,视听器材
600061,中纺投资,,化工合成材料
600062,华润双鹤,3,化学制药
600063,皖维高新,3,化工合成材料
600064,南京高科,,园区开发
600066,宇通客车,3,汽车整车
600067,冠城大通,3,房地产开发
600068,葛洲坝,3,建筑装饰
600070,浙江富润,,纺织制造
600071,凤凰光学,,光学光电子
600073,上海梅林,3,食品加工制造
600074,中达股份,,其他电子
600075,新疆天业,,基础化学
600076,青鸟华光,,通信设备
600077,宋都股份,3,房地产开发
600078,澄星股份,3,化学制品
600079,人福医药,3,化学制药
600080,金花股份,,生物制品
600081,东风科技,,汽车零部件
600082,海泰发展,,贸易
600083,博信股份,,综合
600084,中葡股份,,饮料制造
600085,同仁堂,3,中药
600086,东方金钰,3,家用轻工
600088,中视传媒,3,传媒
600089,特变电工,3,电气设备
600090,啤酒花,,饮料制造
600093,禾嘉股份,,汽车零部件
600094,大名城,3,房地产开发
600095,哈高科,,房地产开发
600096,云天化,3,化学制品
600097,开创国际,,养殖业
600098,广州发展,3,电力
600099,林海股份,,非汽车交运
600100,同方股份,3,计算机设备
600101,明星电力,,电力
600103,青山纸业,,造纸
600104,上汽集团,3,汽车整车
600105,永鼎股份,,通信设备
600106,重庆路桥,,公路铁路运输
600107,美尔雅,3,服装家纺
600108,亚盛集团,3,种植业与林业
600109,国金证券,3,证券
600110,中科英华,3,电气设备
600111,北方稀土,3,有色冶炼加工
600112,天成控股,,电气设备
600113,浙江东日,3,房地产开发
600114,东睦股份,,新材料
600115,东方航空,3,机场航运
600116,三峡水利,3,电力
600117,西宁特钢,,钢铁
600118,中国卫星,3,国防军工
600119,长江投资,3,物流
600120,浙江东方,3,贸易
600121,郑州煤电,,煤炭开采
600122,宏图高科,,零售
600123,兰花科创,3,煤炭开采
600125,铁龙物流,3,公路铁路运输
600126,杭钢股份,,钢铁
600127,金健米业,,农产品加工
600128,弘业股份,,贸易
600129,太极集团,,中药
600130,波导股份,,通信设备
600131,岷江水电,,电力
600132,重庆啤酒,3,饮料制造
600133,东湖高新,,综合
600135,乐凯胶片,3,家用轻工
600136,道博股份,,综合
600137,浪莎股份,,服装家纺
600138,中青旅,3,景点及旅游
600139,西部资源,3,有色冶炼加工
600141,兴发集团,3,化学制品
600143,金发科技,3,化工合成材料
600146,大元股份,3,有色冶炼加工
600148,长春一东,,汽车零部件
600149,廊坊发展,3,房地产开发
600150,中国船舶,3,国防军工
600151,航天机电,3,电气设备
600152,维科精华,,纺织制造
600153,建发股份,3,物流
600155,宝硕股份,3,化工合成材料
600156,华升股份,,纺织制造
600157,永泰能源,3,煤炭开采
600158,中体产业,3,房地产开发
600159,大龙地产,,房地产开发
600160,巨化股份,3,化学制品
600161,天坛生物,3,生物制品
600162,香江控股,,房地产开发
600165,新日恒力,,通用设备
600166,福田汽车,3,汽车整车
600167,联美控股,,电力
600168,武汉控股,,燃气水务
600169,太原重工,3,专用设备
600170,上海建工,3,建筑装饰
600171,上海贝岭,3,半导体及元件
600172,黄河旋风,,通用设备
600173,卧龙地产,,房地产开发
600175,美都能源,3,房地产开发
600176,中国巨石,3,化工新材料
600177,雅戈尔,3,服装家纺
600179,黑化股份,3,煤炭开采
600180,瑞茂通,,物流
600182,S佳通,,化工合成材料
600183,生益科技,3,半导体及元件
600184,光电股份,,国防军工
600185,格力地产,3,房地产开发
600186,莲花味精,3,食品加工制造
600187,国中水务,3,燃气水务
600188,兖州煤业,3,煤炭开采
600189,吉林森工,,种植业与林业
600190,锦州港,,港口航运
600191,华资实业,,农产品加工
600192,长城电工,,电气设备
600193,创兴资源,3,石油矿业开采
600195,中牧股份,,农业服务
600196,复星医药,3,生物制品
600197,伊力特,3,饮料制造
600198,大唐电信,3,通信设备
600199,金种子酒,3,饮料制造
600200,江苏吴中,3,综合
600201,金宇集团,3,农业服务
600202,哈空调,,电气设备
600203,福日电子,,光学光电子
600206,有研新材,3,半导体及元件
600207,安彩高科,,综合
600208,新湖中宝,3,房地产开发
600209,罗顿发展,3,建筑装饰
600210,紫江企业,3,包装印刷
600211,西藏药业,,中药
600212,江泉实业,,综合
600213,亚星客车,,汽车整车
600215,长春经开,,园区开发
600216,浙江医药,3,化学制药
600218,全柴动力,3,通用设备
600219,南山铝业,3,有色冶炼加工
600220,江苏阳光,3,纺织制造
600221,海南航空,3,机场航运
600222,太龙药业,3,中药
600223,鲁商置业,3,房地产开发
600225,天津松江,3,房地产开发
600226,升华拜克,,农业服务
600227,赤天化,,化学制品
600228,昌九生化,,化学制品
600229,青岛碱业,3,基础化学
600230,沧州大化,3,化工新材料
600231,凌钢股份,,钢铁
600232,金鹰股份,,纺织制造
600233,大杨创世,,服装家纺
600234,山水文化,,综合
600235,民丰特纸,,造纸
600236,桂冠电力,,电力
600237,铜峰电子,3,半导体及元件
600238,海南椰岛,,饮料制造
600239,云南城投,3,房地产开发
600240,华业地产,3,房地产开发
600241,时代万恒,,贸易
600242,中昌海运,,港口航运
600243,青海华鼎,,通用设备
600246,万通地产,,房地产开发
600248,延长化建,,建筑装饰
600249,两面针,,化学制品
600250,南纺股份,,贸易
600251,冠农股份,3,农产品加工
600252,中恒集团,3,中药
600255,鑫科材料,,有色冶炼加工
600256,广汇能源,3,基础化学
600257,大湖股份,3,养殖业
600258,首旅酒店,,景点及旅游
600259,广晟有色,3,有色冶炼加工
600260,凯乐科技,3,综合
600261,阳光照明,3,其他电子
600262,北方股份,,非汽车交运
600266,北京城建,3,房地产开发
600267,海正药业,3,化学制药
600268,国电南自,,电气设备
600269,赣粤高速,,公路铁路运输
600270,外运发展,3,物流
600271,航天信息,3,计算机应用
600272,开开实业,,服装家纺
600273,嘉化能源,,电力
600275,武昌鱼,,综合
600276,恒瑞医药,3,化学制药
600277,亿利能源,3,综合
600278,东方创业,,贸易
600279,重庆港九,,港口航运
600280,中央商场,,零售
600281,太化股份,,基础化学
600282,南钢股份,,钢铁
600283,钱江水利,,燃气水务
600284,浦东建设,,建筑装饰
600285,羚锐制药,3,中药
600287,江苏舜天,,贸易
600288,大恒科技,3,其他电子
600289,亿阳信通,3,通信设备
600290,华仪电气,,电气设备
600291,西水股份,,保险及其他
600292,中电远达,3,环保工程
600293,三峡新材,3,建筑材料
600295,鄂尔多斯,,石油矿业开采
600297,美罗药业,,中药
600298,安琪酵母,3,农产品加工
600299,蓝星新材,,化学制品
600300,维维股份,3,饮料制造
600302,标准股份,,专用设备
600303,曙光股份,,汽车整车
600305,恒顺醋业,,食品加工制造
600306,商业城,,零售
600307,酒钢宏兴,3,钢铁
600308,华泰股份,,造纸
600309,万华化学,3,化工新材料
600310,桂东电力,,电力
600311,荣华实业,3,有色冶炼加工
600312,平高电气,3,电气设备
600313,农发种业,,农业服务
600315,上海家化,3,化学制品
600316,洪都航空,3,国防军工
600317,营口港,,港口航运
600318,巢东股份,3,建筑材料
600319,亚星化学,,化学制品
600320,振华重工,3,专用设备
600321,国栋建设,3,建筑材料
600322,天房发展,,房地产开发
600323,瀚蓝环境,3,燃气水务
600325,华发股份,3,房地产开发
600326,西藏天路,,建筑材料
600327,大东方,,零售
600328,兰太实业,,基础化学
600329,中新药业,3,中药
600330,天通股份,3,新材料
600331,宏达股份,3,有色冶炼加工
600332,白云山,3,中药
600333,长春燃气,3,燃气水务
600335,国机汽车,3,交运设备服务
600336,澳柯玛,3,白色家电
600337,美克家居,,家用轻工
600338,西藏珠峰,,有色冶炼加工
600339,天利高新,,化工新材料
600340,华夏幸福,3,房地产开发
600343,航天动力,3,国防军工
600345,长江通信,,通信设备
600346,大橡塑,,专用设备
600348,阳泉煤业,3,煤炭开采
600350,山东高速,3,公路铁路运输
600351,亚宝药业,,中药
600352,浙江龙盛,3,化学制品
600353,旭光股份,,电气设备
600354,敦煌种业,3,种植业与林业
600355,精伦电子,,通信设备
600356,恒丰纸业,,造纸
600358,国旅联合,,景点及旅游
600359,新农开发,,种植业与林业
600360,华微电子,,半导体及元件
600361,华联综超,,零售
600362,江西铜业,3,有色冶炼加工
600363,联创光电,3,光学光电子
600365,通葡股份,,饮料制造
600366,宁波韵升,3,新材料
600367,红星发展,,基础化学
600368,五洲交通,,公路铁路运输
600369,西南证券,3,证券
600370,三房巷,,纺织制造
600371,万向德农,,种植业与林业
600372,中航电子,3,国防军工
600373,中文传媒,3,传媒
600375,华菱星马,3,专用设备
600376,首开股份,3,房地产开发
600377,宁沪高速,3,公路铁路运输
600378,天科股份,,化学制品
600379,宝光股份,,电气设备
600380,健康元,3,化学制药
600381,贤成矿业,,煤炭开采
600382,广东明珠,3,通用设备
600383,金地集团,3,房地产开发
600386,北巴传媒,3,传媒
600387,海越股份,3,基础化学
600388,龙净环保,3,专用设备
600389,江山股份,3,化学制品
600390,金瑞科技,3,新材料
600391,成发科技,3,国防军工
600392,盛和资源,3,有色冶炼加工
600393,东华实业,,房地产开发
600395,盘江股份,3,煤炭开采
600396,金山股份,,电力
600397,安源煤业,,煤炭开采
600398,海澜之家,,服装家纺
600399,抚顺特钢,,钢铁
600400,红豆股份,,服装家纺
600401,海润光伏,,电气设备
600403,大有能源,,煤炭开采
600405,动力源,,电气设备
600406,国电南瑞,3,电气设备
600408,安泰集团,3,煤炭开采
600409,三友化工,3,基础化学
600410,华胜天成,3,计算机应用
600415,小商品城,3,零售
600416,湘电股份,3,电气设备
600418,江淮汽车,3,汽车整车
600419,天润乳业,,食品加工制造
600420,现代制药,,化学制药
600421,仰帆控股,,综合
600422,昆药集团,3,中药
600423,柳化股份,,化学制品
600425,青松建化,3,建筑材料
600426,华鲁恒升,3,化学制品
600428,中远航运,,港口航运
600429,三元股份,,食品加工制造
600432,吉恩镍业,3,有色冶炼加工
600433,冠豪高新,3,造纸
600435,北方导航,3,国防军工
600436,片仔癀,3,中药
600438,通威股份,,农产品加工
600439,瑞贝卡,,家用轻工
600444,国通管业,,化工合成材料
600446,金证股份,3,计算机应用
600448,华纺股份,,纺织制造
600449,宁夏建材,3,建筑材料
600452,涪陵电力,,电力
600455,博通股份,,计算机应用
600456,宝钛股份,3,有色冶炼加工
600458,时代新材,3,化学制品
600459,贵研铂业,3,有色冶炼加工
600460,士兰微,3,光学光电子
600461,洪城水业,,燃气水务
600462,石岘纸业,,造纸
600463,空港股份,,园区开发
600466,蓝光发展,,中药
600467,好当家,3,养殖业
600468,百利电气,,电气设备
600469,风神股份,,化工合成材料
600470,六国化工,3,化学制品
600475,华光股份,,电气设备
600476,湘邮科技,,计算机应用
600477,杭萧钢构,,建筑装饰
600478,科力远,3,新材料
600479,千金药业,,中药
600480,凌云股份,,汽车零部件
600481,双良节能,3,通用设备
600482,风帆股份,3,汽车零部件
600483,福能股份,3,电力
600485,信威集团,,通信设备
600486,扬农化工,3,化学制品
600487,亨通光电,,通信设备
600488,天药股份,,化学制药
600489,中金黄金,3,有色冶炼加工
600490,鹏欣资源,3,有色冶炼加工
600491,龙元建设,3,建筑装饰
600493,凤竹纺织,,纺织制造
600495,晋西车轴,3,非汽车交运
600496,精工钢构,,建筑装饰
600497,驰宏锌锗,3,有色冶炼加工
600498,烽火通信,3,通信设备
600499,科达洁能,3,专用设备
600500,中化国际,3,化学制品
600501,航天晨光,,专用设备
600502,安徽水利,3,建筑装饰
600503,华丽家族,3,房地产开发
600505,西昌电力,,电力
600506,香梨股份,,种植业与林业
600507,方大特钢,,钢铁
600508,上海能源,,煤炭开采
600509,天富能源,3,电力
600510,黑牡丹,,纺织制造
600511,国药股份,,医药商业
600512,腾达建设,,建筑装饰
600513,联环药业,,化学制药
600515,海岛建设,3,零售
600516,方大炭素,3,新材料
600517,置信电气,3,电气设备
600518,康美药业,3,中药
600519,贵州茅台,3,饮料制造
600520,中发科技,,通用设备
600521,华海药业,3,化学制药
600522,中天科技,3,通信设备
600523,贵航股份,3,汽车零部件
600525,长园集团,3,电气设备
600526,菲达环保,3,专用设备
600527,江南高纤,,化工合成材料
600528,中铁二局,3,建筑装饰
600529,山东药玻,,医疗器械服务
600530,交大昂立,,生物制品
600531,豫光金铅,,有色冶炼加工
600532,宏达矿业,,石油矿业开采
600533,栖霞建设,,房地产开发
600535,天士力,3,中药
600536,中国软件,3,计算机应用
600537,亿晶光电,3,电气设备
600538,国发股份,,化学制品
600539,狮头股份,,建筑材料
600540,新赛股份,,种植业与林业
600543,莫高股份,3,饮料制造
600545,新疆城建,3,建筑装饰
600546,山煤国际,3,煤炭开采
600547,山东黄金,3,有色冶炼加工
600548,深高速,,公路铁路运输
600549,厦门钨业,3,有色冶炼加工
600550,保变电气,,电气设备
600551,时代出版,3,传媒
600552,方兴科技,,建筑材料
600555,九龙山,,房地产开发
600556,慧球科技,,综合
600557,康缘药业,3,中药
600558,大西洋,,通用设备
600559,老白干酒,3,饮料制造
600560,金自天正,,专用设备
600561,江西长运,,公交
600562,国睿科技,,建筑材料
600563,法拉电子,3,半导体及元件
600565,迪马股份,,房地产开发
600566,济川药业,3,化学制药
600567,山鹰纸业,,造纸
600568,中珠控股,3,房地产开发
600569,安阳钢铁,,钢铁
600570,恒生电子,3,计算机应用
600571,信雅达,,计算机应用
600572,康恩贝,3,中药
600573,惠泉啤酒,,饮料制造
600575,皖江物流,3,港口航运
600576,万好万家,,房地产开发
600577,精达股份,,通用设备
600578,京能电力,3,电力
600579,天华院,,专用设备
600580,卧龙电气,3,电气设备
600581,八一钢铁,,钢铁
600582,天地科技,3,专用设备
600583,海油工程,3,采掘服务
600584,长电科技,3,半导体及元件
600585,海螺水泥,3,建筑材料
600586,金晶科技,,建筑材料
600587,新华医疗,3,医疗器械服务
600588,用友网络,3,计算机应用
600589,广东榕泰,,化学制品
600590,泰豪科技,,电气设备
600592,龙溪股份,3,通用设备
600593,大连圣亚,,景点及旅游
600594,益佰制药,3,中药
600595,中孚实业,3,有色冶炼加工
600596,新安股份,3,化学制品
600597,光明乳业,3,食品加工制造
600598,北大荒,,种植业与林业
600599,熊猫烟花,,家用轻工
600600,青岛啤酒,3,饮料制造
600601,方正科技,3,计算机设备
600602,仪电电子,,光学光电子
600603,大洲兴业,,有色冶炼加工
600604,市北高新,3,园区开发
600605,汇通能源,,贸易
600606,金丰投资,3,房地产开发
600608,上海科技,,综合
600609,金杯汽车,3,汽车整车
600611,大众交通,3,公交
600612,老凤祥,,家用轻工
600613,神奇制药,,中药
600614,鼎立股份,3,综合
600615,丰华股份,,新材料
600616,金枫酒业,3,饮料制造
600617,国新能源,,燃气水务
600618,氯碱化工,,基础化学
600619,海立股份,,白色家电
600620,天宸股份,3,房地产开发
600621,华鑫股份,,房地产开发
600622,嘉宝集团,,房地产开发
600623,双钱股份,,化工合成材料
600624,复旦复华,3,综合
600626,申达股份,3,纺织制造
600628,新世界,,零售
600629,棱光实业,,建筑材料
600630,龙头股份,,服装家纺
600633,浙报传媒,3,传媒
600634,中技控股,,建筑材料
600635,大众公用,3,保险及其他
600636,三爱富,3,化学制品
600637,百视通,3,通信服务
600638,新黄浦,,房地产开发
600639,浦东金桥,3,园区开发
600640,号百控股,3,景点及旅游
600641,万业企业,,房地产开发
600642,申能股份,3,电力
600643,爱建股份,3,保险及其他
600645,中源协和,3,生物制品
600647,同达创业,,房地产开发
600648,外高桥,3,园区开发
600649,城投控股,3,房地产开发
600650,锦江投资,,公交
600651,飞乐音响,3,其他电子
600652,游久游戏,3,煤炭开采
600653,申华控股,3,交运设备服务
600654,中安消,3,建筑装饰
600655,豫园商城,3,零售
600657,信达地产,,房地产开发
600658,电子城,,园区开发
600660,福耀玻璃,3,汽车零部件
600661,新南洋,3,传媒
600662,强生控股,3,公交
600663,陆家嘴,3,园区开发
600664,哈药股份,3,化学制药
600665,天地源,,房地产开发
600666,西南药业,,化学制药
600667,太极实业,3,半导体及元件
600668,尖峰集团,3,建筑材料
600671,天目药业,,中药
600673,东阳光科,3,有色冶炼加工
600674,川投能源,3,电力
600675,中华企业,3,房地产开发
600676,交运股份,,物流
600677,航天通信,3,国防军工
600678,四川金顶,,建筑材料
600679,金山开发,,非汽车交运
600680,上海普天,3,计算机设备
600681,万鸿集团,,建筑装饰
600682,南京新百,,零售
600683,京投银泰,,房地产开发
600684,珠江实业,3,房地产开发
600685,广船国际,,国防军工
600686,金龙汽车,,汽车整车
600687,刚泰控股,,有色冶炼加工
600688,上海石化,3,基础化学
600689,上海三毛,,纺织制造
600690,青岛海尔,3,白色家电
600692,亚通股份,3,港口航运
600693,东百集团,,零售
600694,大商股份,3,零售
600695,绿庭投资,,食品加工制造
600696,多伦股份,3,房地产开发
600697,欧亚集团,,零售
600698,湖南天雁,,汽车零部件
600699,均胜电子,3,汽车零部件
600701,工大高新,,综合
600702,沱牌舍得,3,饮料制造
600703,三安光电,3,光学光电子
600704,物产中大,3,零售
600705,中航资本,3,保险及其他
600706,曲江文旅,,景点及旅游
600707,彩虹股份,3,光学光电子
600708,海博股份,,综合
600710,常林股份,,专用设备
600711,盛屯矿业,3,有色冶炼加工
600712,南宁百货,,零售
600713,南京医药,,医药商业
600714,金瑞矿业,,煤炭开采
600716,凤凰股份,3,房地产开发
600717,天津港,3,港口航运
600718,东软集团,3,计算机应用
600719,大连热电,,电力
600720,祁连山,3,建筑材料
600721,百花村,,煤炭开采
600722,金牛化工,,基础化学
600723,首商股份,,零售
600724,宁波富达,,房地产开发
600725,云维股份,,化工合成材料
600726,华电能源,,电力
600727,鲁北化工,,化学制品
600728,佳都科技,3,计算机应用
600729,重庆百货,3,零售
600730,中国高科,3,综合
600731,湖南海利,,化学制品
600732,上海新梅,,房地产开发
600733,S前锋,,房地产开发
600734,实达集团,,房地产开发
600735,新华锦,,贸易
600736,苏州高新,,房地产开发
600737,中粮屯河,3,农产品加工
600738,兰州民百,,零售
600739,辽宁成大,3,贸易
600740,山西焦化,3,煤炭开采
600741,华域汽车,3,汽车零部件
600742,一汽富维,3,汽车零部件
600743,华远地产,3,房地产开发
600744,华银电力,3,电力
600745,中茵股份,,房地产开发
600746,江苏索普,,化学制品
600747,大连控股,3,保险及其他
600748,上实发展,3,房地产开发
600749,西藏旅游,,景点及旅游
600750,江中药业,3,中药
600751,天津海运,3,港口航运
600753,东方银星,,房地产开发
600754,锦江股份,,酒店及餐饮
600755,厦门国贸,3,贸易
600756,浪潮软件,3,计算机应用
600757,长江传媒,3,传媒
600758,红阳能源,,电力
600759,洲际油气,3,综合
600760,中航黑豹,,国防军工
600761,安徽合力,3,专用设备
600763,通策医疗,,医疗器械服务
600764,中电广通,,半导体及元件
600765,中航重机,3,通用设备
600766,园城黄金,,有色冶炼加工
600767,运盛实业,,房地产开发
600768,宁波富邦,,有色冶炼加工
600769,祥龙电业,,燃气水务
600770,综艺股份,3,半导体及元件
600771,广誉远,3,化学制药
600773,西藏城投,3,房地产开发
600774,汉商集团,,零售
600775,南京熊猫,3,通信设备
600776,东方通信,3,通信设备
600777,新潮实业,3,房地产开发
600778,友好集团,,零售
600779,水井坊,3,饮料制造
600780,通宝能源,,电力
600781,辅仁药业,,中药
600782,新钢股份,,钢铁
600783,鲁信创投,3,保险及其他
600784,鲁银投资,,钢铁
600785,新华百货,,零售
600787,中储股份,3,物流
600789,鲁抗医药,3,化学制药
600790,轻纺城,3,零售
600791,京能置业,,房地产开发
600792,云煤能源,,煤炭开采
600794,保税科技,,物流
600795,国电电力,3,电力
600796,钱江生化,,生物制品
600797,浙大网新,3,计算机应用
600798,宁波海运,,港口航运
600800,天津磁卡,3,其他电子
600801,华新水泥,3,建筑材料
600802,福建水泥,3,建筑材料
600803,新奥股份,,化学制品
600804,鹏博士,3,通信服务
600805,悦达投资,3,汽车整车
600806,昆明机床,,通用设备
600807,天业股份,3,房地产开发
600808,马钢股份,3,钢铁
600809,山西汾酒,3,饮料制造
600810,神马股份,,化工合成材料
600811,东方集团,3,综合
600812,华北制药,,化学制药
600814,杭州解百,,零售
600815,厦工股份,3,专用设备
600816,安信信托,3,保险及其他
600818,中路股份,,综合
600819,耀皮玻璃,,建筑材料
600820,隧道股份,3,建筑装饰
600821,津劝业,,零售
600822,上海物贸,,贸易
600823,世茂股份,3,房地产开发
600824,益民集团,,零售
600825,新华传媒,3,传媒
600826,兰生股份,3,贸易
600827,百联股份,3,零售
600828,成商集团,,零售
600829,三精制药,,化学制药
600830,香溢融通,3,保险及其他
600831,广电网络,3,通信服务
600832,东方明珠,3,传媒
600833,第一医药,,医药商业
600834,申通地铁,,公交
600835,上海机电,3,专用设备
600836,界龙实业,,包装印刷
600837,海通证券,3,证券
600838,上海九百,3,零售
600839,四川长虹,3,视听器材
600841,上柴股份,,通用设备
600843,上工申贝,,专用设备
600844,丹化科技,3,化学制品
600845,宝信软件,,计算机应用
600846,同济科技,3,综合
600847,万里股份,,电气设备
600848,自仪股份,,仪器仪表
600850,华东电脑,,计算机设备
600851,海欣股份,3,综合
600853,龙建股份,,建筑装饰
600854,春兰股份,,白色家电
600855,航天长峰,3,计算机设备
600856,长百集团,,零售
600857,工大首创,,贸易
600858,银座股份,,零售
600859,王府井,3,零售
600860,京城股份,,通用设备
600861,北京城乡,,零售
600862,南通科技,,通用设备
600863,内蒙华电,3,电力
600864,哈投股份,,电力
600865,百大集团,,零售
600866,星湖科技,,食品加工制造
600867,通化东宝,3,生物制品
600868,梅雁吉祥,3,电力
600869,智慧能源,,电气设备
600870,厦华电子,,视听器材
600871,石化油服,,化工合成材料
600872,中炬高新,3,食品加工制造
600873,梅花生物,3,食品加工制造
600874,创业环保,3,燃气水务
600875,东方电气,3,电气设备
600876,洛阳玻璃,,建筑材料
600877,中国嘉陵,3,非汽车交运
600879,航天电子,3,国防军工
600880,博瑞传播,3,传媒
600881,亚泰集团,3,建筑材料
600882,华联矿业,,石油矿业开采
600883,博闻科技,,综合
600884,杉杉股份,3,综合
600885,宏发股份,,电气设备
600886,国投电力,3,电力
600887,伊利股份,3,食品加工制造
600888,新疆众和,,有色冶炼加工
600889,南京化纤,,化工合成材料
600890,中房股份,,房地产开发
600891,秋林集团,,零售
600892,宝诚股份,,综合
600893,中航动力,3,国防军工
600894,广日股份,3,专用设备
600895,张江高科,3,园区开发
600896,中海海盛,,港口航运
600897,厦门空港,,机场航运
600898,三联商社,,零售
600900,长江电力,3,电力
600917,重庆燃气,,燃气水务
600958,东方证券,,证券
600959,江苏有线,,通信服务
600960,渤海活塞,,通用设备
600961,株冶集团,,有色冶炼加工
600962,国投中鲁,,农产品加工
600963,岳阳林纸,,造纸
600965,福成五丰,,养殖业
600966,博汇纸业,,造纸
600967,北方创业,3,非汽车交运
600969,郴电国际,,电力
600970,中材国际,3,建筑装饰
600971,恒源煤电,3,煤炭开采
600973,宝胜股份,,电气设备
600975,新五丰,,养殖业
600976,健民集团,3,中药
600978,宜华木业,3,家用轻工
600979,广安爱众,,电力
600980,北矿磁材,,新材料
600981,汇鸿股份,,贸易
600982,宁波热电,,电力
600983,惠而浦,,白色家电
600985,雷鸣科化,,化学制品
600986,科达股份,,建筑装饰
600987,航民股份,3,纺织制造
600988,赤峰黄金,,有色冶炼加工
600990,四创电子,,国防军工
600992,贵绳股份,,通用设备
600993,马应龙,3,中药
600995,文山电力,,电力
600997,开滦股份,,煤炭开采
600998,九州通,3,医药商业
600999,招商证券,3,证券
601000,唐山港,3,港口航运
601001,大同煤业,3,煤炭开采
601002,晋亿实业,3,通用设备
601003,柳钢股份,,钢铁
601005,重庆钢铁,3,钢铁
601006,大秦铁路,3,公路铁路运输
601007,金陵饭店,,酒店及餐饮
601008,连云港,,港口航运
601009,南京银行,3,银行
601010,文峰股份,,零售
601011,宝泰隆,,煤炭开采
601012,隆基股份,3,电气设备
601015,陕西黑猫,,煤炭开采
601016,节能风电,,电力
601018,宁波港,3,港口航运
601021,春秋航空,,机场航运
601028,玉龙股份,,通用设备
601038,一拖股份,3,专用设备
601058,赛轮金宇,,化工合成材料
601069,西部黄金,,有色冶炼加工
601088,中国神华,3,煤炭开采
601098,中南传媒,3,传媒
601099,太平洋,3,证券
601100,恒立油缸,,通用设备
601101,昊华能源,3,煤炭开采
601106,中国一重,3,专用设备
601107,四川成渝,,公路铁路运输
601111,中国国航,3,机场航运
601113,华鼎股份,,化工合成材料
601116,三江购物,,零售
601117,中国化学,3,建筑装饰
601118,海南橡胶,3,种植业与林业
601126,四方股份,,电气设备
601137,博威合金,,有色冶炼加工
601139,深圳燃气,3,燃气水务
601158,重庆水务,3,燃气水务
601166,兴业银行,3,银行
601168,西部矿业,3,有色冶炼加工
601169,北京银行,3,银行
601177,杭齿前进,,通用设备
601179,中国西电,3,电气设备
601186,中国铁建,3,建筑装饰
601188,龙江交通,,公路铁路运输
601198,东兴证券,,证券
601199,江南水务,,燃气水务
601208,东材科技,,化工合成材料
601216,内蒙君正,3,基础化学
601218,吉鑫科技,3,电气设备
601222,林洋电子,,电气设备
601225,陕西煤业,3,煤炭开采
601226,华电重工,,建筑装饰
601231,环旭电子,3,电子制造
601233,桐昆股份,,化工合成材料
601238,广汽集团,3,汽车整车
601258,庞大集团,3,交运设备服务
601288,农业银行,3,银行
601299,中国北车,3,非汽车交运
601311,骆驼股份,3,汽车零部件
601313,江南嘉捷,,专用设备
601318,中国平安,3,保险及其他
601328,交通银行,3,银行
601333,广深铁路,3,公路铁路运输
601336,新华保险,3,保险及其他
601339,百隆东方,,纺织制造
601369,陕鼓动力,3,通用设备
601377,兴业证券,3,证券
601388,怡球资源,3,有色冶炼加工
601390,中国中铁,3,建筑装饰
601398,工商银行,3,银行
601515,东风股份,,包装印刷
601518,吉林高速,,公路铁路运输
601519,大智慧,3,计算机应用
601555,东吴证券,3,证券
601566,九牧王,,服装家纺
601567,三星电气,,电气设备
601579,会稽山,,饮料制造
601588,北辰实业,,房地产开发
601599,鹿港科技,,纺织制造
601600,中国铝业,3,有色冶炼加工
601601,中国太保,3,保险及其他
601607,上海医药,3,医药商业
601608,中信重工,3,专用设备
601616,广电电气,,电气设备
601618,中国中冶,3,建筑装饰
601628,中国人寿,3,保险及其他
601633,长城汽车,3,汽车整车
601636,旗滨集团,,建筑材料
601666,平煤股份,3,煤炭开采
601668,中国建筑,3,建筑装饰
601669,中国电建,3,建筑装饰
601677,明泰铝业,,有色冶炼加工
601678,滨化股份,3,化工新材料
601688,华泰证券,3,证券
601689,拓普集团,,汽车零部件
601699,潞安环能,3,煤炭开采
601700,风范股份,,电气设备
601717,郑煤机,3,专用设备
601718,际华集团,3,服装家纺
601727,上海电气,3,电气设备
601766,中国南车,3,非汽车交运
601777,力帆股份,3,汽车整车
601788,光大证券,3,证券
601789,宁波建工,3,建筑装饰
601798,蓝科高新,,专用设备
601799,星宇股份,,汽车零部件
601800,中国交建,3,建筑装饰
601801,皖新传媒,3,传媒
601808,中海油服,3,采掘服务
601818,光大银行,3,银行
601857,中国石油,3,石油矿业开采
601866,中海集运,3,港口航运
601872,招商轮船,3,港口航运
601877,正泰电器,3,电气设备
601880,大连港,3,港口航运
601886,江河创建,3,建筑装饰
601888,中国国旅,3,景点及旅游
601890,亚星锚链,,国防军工
601898,中煤能源,3,煤炭开采
601899,紫金矿业,3,有色冶炼加工
601901,方正证券,3,证券
601908,京运通,,电气设备
601918,国投新集,3,煤炭开采
601919,中国远洋,3,港口航运
601928,凤凰传媒,3,传媒
601929,吉视传媒,3,通信服务
601933,永辉超市,3,零售
601939,建设银行,3,银行
601958,金钼股份,3,有色冶炼加工
601965,中国汽研,,交运设备服务
601969,海南矿业,,石油矿业开采
601988,中国银行,3,银行
601989,中国重工,3,国防军工
601991,大唐发电,3,电力
601992,金隅股份,3,房地产开发
601996,丰林集团,3,家用轻工
601998,中信银行,3,银行
601999,出版传媒,3,传媒
603000,人民网,3,通信服务
603001,奥康国际,,服装家纺
603002,宏昌电子,,化学制品
603003,龙宇燃油,,基础化学
603005,晶方科技,,半导体及元件
603006,联明股份,,汽车零部件
603008,喜临门,,家用轻工
603009,北特科技,,汽车零部件
603010,万盛股份,,化学制品
603011,合锻股份,,通用设备
603012,创力集团,,专用设备
603015,弘讯科技,,电气设备
603017,园区设计,,建筑装饰
603018,设计股份,,建筑装饰
603019,中科曙光,,计算机设备
603020,爱普股份,,食品加工制造
603021,山东华鹏,,家用轻工
603025,大豪科技,,计算机设备
603030,全筑股份,,建筑装饰
603077,和邦股份,,基础化学
603088,宁波精达,,通用设备
603099,长白山,,景点及旅游
603100,川仪股份,,电气设备
603111,康尼机电,,非汽车交运
603118,共进股份,,通信设备
603123,翠微股份,,零售
603126,中材节能,,环保工程
603128,华贸物流,,物流
603158,腾龙股份,,汽车零部件
603166,福达股份,,汽车零部件
603167,渤海轮渡,,港口航运
603168,莎普爱思,,化学制药
603169,兰石重装,,专用设备
603188,亚邦股份,,化学制品
603199,九华旅游,,景点及旅游
603222,济民制药,,化学制药
603268,松发股份,,家用轻工
603288,海天味业,,食品加工制造
603306,华懋科技,,汽车零部件
603308,应流股份,,通用设备
603309,维力医疗,,医疗器械服务
603315,福鞍股份,,通用设备
603318,派思股份,,专用设备
603328,依顿电子,,半导体及元件
603333,明星电缆,,电气设备
603338,浙江鼎力,,专用设备
603366,日出东方,,白色家电
603368,柳州医药,,医药商业
603369,今世缘,,饮料制造
603399,新华龙,,有色冶炼加工
603456,九洲药业,,化学制药
603518,维格娜丝,,服装家纺
603519,立霸股份,,白色家电
603555,贵人鸟,,服装家纺
603558,健盛集团,,服装家纺
603567,珍宝岛,,中药
603588,高能环境,,环保工程
603600,永艺股份,,家用轻工
603601,再升科技,,化工新材料
603606,东方电缆,,电气设备
603609,禾丰牧业,,农产品加工
603611,诺力股份,,专用设备
603618,杭电股份,,电气设备
603636,南威软件,,计算机应用
603678,火炬电子,,半导体及元件
603686,龙马环卫,,专用设备
603688,石英股份,,新材料
603698,航天工程,,建筑装饰
603699,纽威股份,,通用设备
603703,盛洋科技,,电气设备
603729,龙韵股份,,传媒
603766,隆鑫通用,,非汽车交运
603788,宁波高发,,汽车零部件
603789,星光农机,,专用设备
603799,华友钴业,,有色冶炼加工
603806,福斯特,,电气设备
603808,歌力思,,服装家纺
603818,曲美股份,,家用轻工
603828,柯利达,,建筑装饰
603869,北部湾旅,,景点及旅游
603883,老百姓,,零售
603889,新澳股份,,纺织制造
603898,好莱客,,家用轻工
603899,晨光文具,,包装印刷
603939,益丰药房,,医药商业
603969,银龙股份,,通用设备
603988,中电电机,,电气设备
603993,洛阳钼业,3,有色冶炼加工
603997,继峰股份,,汽车零部件
603998,DR方盛制,,中药
1,平安银行,3,银行
2,万  科Ａ,3,房地产开发
4,国农科技,,生物制品
5,世纪星源,,房地产开发
6,深振业Ａ,3,房地产开发
7,零七股份,,酒店及餐饮
8,神州高铁,,酒店及餐饮
9,中国宝安,3,综合
10,深华新,,综合
11,深物业A,,房地产开发
12,南  玻Ａ,3,建筑材料
14,沙河股份,,房地产开发
16,深康佳Ａ,,视听器材
17,深中华A,,非汽车交运
18,中冠A,,综合
19,深深宝Ａ,,饮料制造
20,深华发Ａ,,电子制造
21,深科技,,计算机设备
22,深赤湾Ａ,,港口航运
23,深天地Ａ,,建筑材料
24,招商地产,3,房地产开发
25,特  力Ａ,,交运设备服务
26,飞亚达Ａ,,家用轻工
27,深圳能源,3,电力
28,国药一致,3,医药商业
29,深深房Ａ,,房地产开发
30,富奥股份,,汽车零部件
31,中粮地产,3,房地产开发
32,深桑达Ａ,,通信设备
33,*ST新都,,酒店及餐饮
34,深信泰丰,,通信设备
35,中国天楹,,环保工程
36,华联控股,,房地产开发
37,深南电Ａ,,电力
38,深大通,,房地产开发
39,中集集团,3,通用设备
40,宝安地产,,房地产开发
42,中洲控股,,房地产开发
43,中航地产,3,房地产开发
45,深纺织Ａ,,光学光电子
46,泛海控股,3,房地产开发
48,康达尔,,农产品加工
49,德赛电池,3,电子制造
50,深天马Ａ,3,光学光电子
55,方大集团,,建筑装饰
56,深国商,,房地产开发
58,深 赛 格,,零售
59,*ST华锦,,基础化学
60,中金岭南,3,有色冶炼加工
61,农 产 品,3,零售
62,深圳华强,3,零售
63,中兴通讯,3,通信设备
65,北方国际,,建筑装饰
66,长城电脑,,计算机设备
68,*ST华赛,,综合
69,华侨城Ａ,3,房地产开发
70,特发信息,,通信设备
78,海王生物,3,生物制品
88,盐 田 港,3,港口航运
89,深圳机场,3,机场航运
90,天健集团,,房地产开发
96,广聚能源,,基础化学
99,中信海直,3,机场航运
100,TCL 集团,3,视听器材
150,宜华健康,,房地产开发
151,中成股份,3,贸易
153,丰原药业,,化学制药
155,ST川化,,化学制品
156,华数传媒,3,通信服务
157,中联重科,3,专用设备
158,常山股份,,纺织制造
159,国际实业,,煤炭开采
166,申万宏源,,证券
301,东方市场,,零售
333,美的集团,3,白色家电
338,潍柴动力,3,汽车零部件
400,许继电气,3,电气设备
401,冀东水泥,3,建筑材料
402,金 融 街,3,房地产开发
403,ST生化,,生物制品
404,华意压缩,,白色家电
407,胜利股份,,化学制品
408,金谷源,,贸易
409,山东地矿,,石油矿业开采
410,沈阳机床,3,通用设备
411,英特集团,,医药商业
413,东旭光电,3,光学光电子
415,渤海租赁,3,保险及其他
416,民生控股,,零售
417,合肥百货,3,零售
418,小天鹅Ａ,,白色家电
419,通程控股,,零售
420,吉林化纤,,化工合成材料
421,南京中北,,综合
422,湖北宜化,3,化学制品
423,东阿阿胶,3,中药
425,徐工机械,3,专用设备
426,兴业矿业,3,有色冶炼加工
428,华天酒店,,酒店及餐饮
429,粤高速Ａ,,公路铁路运输
430,张家界,,景点及旅游
488,晨鸣纸业,,造纸
498,山东路桥,,建筑装饰
501,鄂武商Ａ,3,零售
502,绿景控股,,房地产开发
503,海虹控股,3,通信服务
504,南华生物,,传媒
505,珠江控股,,房地产开发
506,中润资源,3,房地产开发
507,珠海港,,港口航运
509,华塑控股,,建筑材料
510,*ST金路,,基础化学
511,烯碳新材,3,新材料
513,丽珠集团,3,化学制药
514,渝 开 发,,房地产开发
516,国际医学,3,零售
517,荣安地产,,房地产开发
518,四环生物,,生物制品
519,江南红箭,,通用设备
520,*ST凤凰,,港口航运
521,美菱电器,,白色家电
523,广州浪奇,,化学制品
524,东方宾馆,,酒店及餐饮
525,红 太 阳,3,化学制品
526,银润投资,,房地产开发
528,柳    工,3,专用设备
529,广弘控股,,综合
530,大冷股份,,通用设备
531,穗恒运Ａ,,电力
532,力合股份,,半导体及元件
533,万 家 乐,,白色家电
534,万泽股份,,房地产开发
536,华映科技,3,光学光电子
537,广宇发展,3,房地产开发
538,云南白药,3,中药
539,粤电力Ａ,3,电力
540,中天城投,3,房地产开发
541,佛山照明,3,其他电子
543,皖能电力,3,电力
544,中原环保,,燃气水务
545,金浦钛业,,基础化学
546,金圆股份,,建筑材料
547,闽福发Ａ,,通信设备
548,湖南投资,,公路铁路运输
550,江铃汽车,3,汽车整车
551,创元科技,3,综合
552,靖远煤电,3,煤炭开采
553,沙隆达Ａ,,化学制品
554,泰山石油,3,基础化学
555,神州信息,,计算机应用
557,*ST广夏,,饮料制造
558,莱茵置业,,房地产开发
559,万向钱潮,3,汽车零部件
560,昆百大Ａ,,零售
561,烽火电子,,通信设备
563,陕国投Ａ,3,保险及其他
564,西安民生,,零售
565,渝三峡Ａ,,化学制品
566,海南海药,3,化学制药
567,海德股份,,房地产开发
568,泸州老窖,3,饮料制造
570,苏常柴Ａ,,通用设备
571,新大洲Ａ,,煤炭开采
572,海马汽车,3,汽车整车
573,粤宏远Ａ,,房地产开发
576,广东甘化,,造纸
581,威孚高科,3,汽车零部件
582,北部湾港,,港口航运
584,友利控股,,化工合成材料
585,东北电气,,电气设备
586,汇源通信,,通信设备
587,金叶珠宝,,家用轻工
589,黔轮胎Ａ,,化工合成材料
590,紫光古汉,,中药
591,桐 君 阁,,医药商业
592,平潭发展,3,种植业与林业
593,大通燃气,,综合
594,*ST国恒,,公路铁路运输
595,西北轴承,,通用设备
596,古井贡酒,3,饮料制造
597,东北制药,,化学制药
598,兴蓉投资,3,燃气水务
599,青岛双星,,化工合成材料
600,建投能源,,电力
601,韶能股份,,电力
603,盛达矿业,,有色冶炼加工
605,渤海股份,,燃气水务
606,青海明胶,,中药
607,华媒控股,3,传媒
608,阳光股份,,房地产开发
609,绵世股份,,房地产开发
610,西安旅游,,景点及旅游
611,内蒙发展,,贸易
612,焦作万方,,有色冶炼加工
613,大东海A,,酒店及餐饮
615,湖北金环,,化工合成材料
616,海航投资,3,房地产开发
617,石油济柴,,通用设备
619,海螺型材,,建筑材料
620,新华联,,房地产开发
622,恒立实业,,汽车零部件
623,吉林敖东,3,中药
625,长安汽车,3,汽车整车
626,如意集团,,贸易
627,天茂集团,,化学制品
628,高新发展,,综合
629,攀钢钒钛,3,石油矿业开采
630,铜陵有色,3,有色冶炼加工
631,顺发恒业,3,房地产开发
632,三木集团,,综合
633,合金投资,,专用设备
635,英 力 特,,基础化学
636,风华高科,,半导体及元件
637,茂化实华,,基础化学
638,万方发展,,房地产开发
639,西王食品,,农产品加工
650,仁和药业,3,中药
651,格力电器,3,白色家电
652,泰达股份,,综合
655,金岭矿业,3,石油矿业开采
656,金科股份,,房地产开发
657,中钨高新,,有色冶炼加工
659,*ST中富,,包装印刷
661,长春高新,3,生物制品
662,索芙特,,化学制品
663,永安林业,,种植业与林业
665,湖北广电,,通信服务
666,经纬纺机,,保险及其他
667,美好集团,3,房地产开发
668,荣丰控股,,房地产开发
669,金鸿能源,,燃气水务
670,盈方微,,半导体及元件
671,阳 光 城,3,房地产开发
672,上峰水泥,,建筑材料
673,当代东方,,传媒
676,智度投资,,仪器仪表
677,*ST海龙,,化工合成材料
678,襄阳轴承,,汽车零部件
679,大连友谊,,零售
680,山推股份,3,专用设备
681,视觉中国,,传媒
682,东方电子,,电气设备
683,远兴能源,,煤炭开采
685,中山公用,3,燃气水务
686,东北证券,3,证券
687,恒天天鹅,,化工合成材料
688,建新矿业,,有色冶炼加工
690,宝新能源,3,电力
691,亚太实业,,房地产开发
692,惠天热电,,电力
693,华泽钴镍,3,有色冶炼加工
695,滨海能源,,电力
697,炼石有色,3,有色冶炼加工
698,沈阳化工,,基础化学
700,模塑科技,,汽车零部件
701,厦门信达,,综合
702,正虹科技,,农产品加工
703,恒逸石化,,化工合成材料
705,浙江震元,,医药商业
707,双环科技,,基础化学
708,大冶特钢,,钢铁
709,河北钢铁,3,钢铁
710,天兴仪表,,汽车零部件
711,*ST京蓝,,综合
712,锦龙股份,3,证券
713,丰乐种业,,种植业与林业
715,中兴商业,,零售
716,黑芝麻,,食品加工制造
717,韶钢松山,,钢铁
718,苏宁环球,3,房地产开发
719,大地传媒,,传媒
720,新能泰山,,电力
721,西安饮食,,酒店及餐饮
722,湖南发展,,电力
723,美锦能源,,煤炭开采
725,京东方Ａ,3,光学光电子
726,鲁  泰Ａ,,纺织制造
727,华东科技,,光学光电子
728,国元证券,3,证券
729,燕京啤酒,3,饮料制造
731,四川美丰,3,化学制品
732,泰禾集团,3,房地产开发
733,振华科技,,半导体及元件
735,罗 牛 山,,养殖业
736,中房地产,,房地产开发
737,南风化工,,化学制品
738,中航动控,3,国防军工
739,普洛药业,3,化学制药
748,长城信息,3,计算机设备
750,国海证券,3,证券
751,锌业股份,,有色冶炼加工
752,西藏发展,,饮料制造
753,漳州发展,,零售
755,*ST三维,,化工新材料
756,新华制药,,化学制药
757,浩物股份,,汽车零部件
758,中色股份,3,有色冶炼加工
759,中百集团,,零售
760,斯太尔,,汽车零部件
761,本钢板材,3,钢铁
762,西藏矿业,3,石油矿业开采
766,通化金马,,中药
767,漳泽电力,,电力
768,中航飞机,3,国防军工
776,广发证券,3,证券
777,中核科技,3,通用设备
778,新兴铸管,3,钢铁
779,三毛派神,,纺织制造
780,平庄能源,3,煤炭开采
782,美达股份,,化工合成材料
783,长江证券,3,证券
785,武汉中商,,零售
786,北新建材,3,建筑材料
788,北大医药,3,化学制药
789,万年青,3,建筑材料
790,华神集团,3,中药
791,甘肃电投,,电力
792,盐湖股份,3,化学制品
793,华闻传媒,3,传媒
795,太原刚玉,,新材料
796,易食股份,,食品加工制造
797,中国武夷,,房地产开发
798,中水渔业,,养殖业
799,酒 鬼 酒,,饮料制造
800,一汽轿车,3,汽车整车
801,四川九洲,3,--
802,北京文化,,景点及旅游
803,金宇车城,,房地产开发
806,银河投资,,电气设备
807,云铝股份,3,有色冶炼加工
809,铁岭新城,,房地产开发
810,创维数字,,视听器材
811,烟台冰轮,3,通用设备
812,陕西金叶,3,包装印刷
813,天山纺织,,综合
815,*ST美利,,造纸
816,江淮动力,3,通用设备
818,方大化工,,化工新材料
819,岳阳兴长,,基础化学
820,金城股份,,造纸
821,京山轻机,,专用设备
822,山东海化,,基础化学
823,超声电子,3,半导体及元件
825,太钢不锈,3,钢铁
826,桑德环境,3,环保工程
828,东莞控股,,公路铁路运输
829,天音控股,3,零售
830,鲁西化工,3,化学制品
831,五矿稀土,3,有色冶炼加工
833,贵糖股份,,造纸
835,长城动漫,,煤炭开采
836,鑫茂科技,,通信设备
837,秦川机床,,通用设备
838,国兴地产,,房地产开发
839,中信国安,3,综合
848,承德露露,3,饮料制造
850,华茂股份,,纺织制造
851,高鸿股份,3,通信设备
852,江钻股份,,专用设备
856,冀东装备,,专用设备
858,五 粮 液,3,饮料制造
859,国风塑业,,化工合成材料
860,顺鑫农业,3,饮料制造
861,海印股份,,零售
862,银星能源,,电气设备
863,三湘股份,,房地产开发
868,安凯客车,3,汽车整车
869,张  裕Ａ,3,饮料制造
875,吉电股份,,电力
876,新 希 望,3,农产品加工
877,天山股份,3,建筑材料
878,云南铜业,3,有色冶炼加工
880,潍柴重机,,通用设备
881,大连国际,,综合
882,华联股份,,零售
883,湖北能源,3,电力
885,同力水泥,,建筑材料
886,海南高速,,房地产开发
887,中鼎股份,3,汽车零部件
888,峨眉山Ａ,,景点及旅游
889,茂业物流,,零售
890,法 尔 胜,,通用设备
892,星美联合,,综合
893,东凌粮油,,农产品加工
895,双汇发展,3,食品加工制造
897,津滨发展,3,房地产开发
898,鞍钢股份,3,钢铁
899,赣能股份,,电力
900,现代投资,,公路铁路运输
901,航天科技,3,仪器仪表
902,新洋丰,,化学制品
903,云内动力,,汽车零部件
905,厦门港务,3,港口航运
906,物产中拓,,贸易
908,景峰医药,,化学制药
909,数源科技,,房地产开发
910,大亚科技,,家用轻工
911,南宁糖业,,农产品加工
912,*ST天化,,化学制品
913,钱江摩托,,非汽车交运
915,山大华特,3,化学制药
916,华北高速,,公路铁路运输
917,电广传媒,3,通信服务
918,嘉凯城,,房地产开发
919,金陵药业,,医疗器械服务
920,南方汇通,,非汽车交运
921,海信科龙,3,白色家电
922,佳电股份,,电气设备
923,河北宣工,,专用设备
925,众合科技,,环保工程
926,福星股份,3,房地产开发
927,*ST夏利,,汽车整车
928,中钢国际,,建筑装饰
929,兰州黄河,,饮料制造
930,中粮生化,3,农产品加工
931,中 关 村,,化学制药
932,华菱钢铁,,钢铁
933,神火股份,3,煤炭开采
935,四川双马,,建筑材料
936,华西股份,,化工合成材料
937,冀中能源,3,煤炭开采
938,紫光股份,3,计算机设备
939,凯迪电力,3,环保工程
948,南天信息,,计算机设备
949,新乡化纤,,化工合成材料
950,建峰化工,,化学制品
951,中国重汽,,汽车整车
952,广济药业,,化学制药
953,河池化工,,化学制品
955,欣龙控股,,纺织制造
957,中通客车,,汽车整车
958,东方能源,,电力
959,首钢股份,,钢铁
960,锡业股份,3,有色冶炼加工
961,中南建设,3,房地产开发
962,东方钽业,3,新材料
963,华东医药,3,医药商业
965,天保基建,,房地产开发
966,长源电力,,电力
967,上风高科,,电气设备
968,煤 气 化,3,煤炭开采
969,安泰科技,3,新材料
970,中科三环,3,新材料
971,蓝鼎控股,,纺织制造
972,新中基,,农产品加工
973,佛塑科技,3,化工合成材料
975,银泰资源,3,有色冶炼加工
976,*ST春晖,,化工合成材料
977,浪潮信息,3,计算机设备
978,桂林旅游,,景点及旅游
979,中弘股份,3,房地产开发
980,金马股份,,汽车零部件
981,银亿股份,,房地产开发
982,中银绒业,,纺织制造
983,西山煤电,3,煤炭开采
985,大庆华科,,化学制品
987,广州友谊,,零售
988,华工科技,3,其他电子
989,九 芝 堂,3,中药
990,诚志股份,,化学制品
993,闽东电力,,电力
995,皇台酒业,,饮料制造
996,中国中期,3,保险及其他
997,新 大 陆,3,计算机设备
998,隆平高科,3,种植业与林业
999,华润三九,3,中药
1696,宗申动力,,汽车零部件
1896,豫能控股,,电力
2001,新 和 成,3,化学制药
2002,鸿达兴业,,基础化学
2003,伟星股份,,纺织制造
2004,华邦颖泰,3,化学制品
2005,德豪润达,3,光学光电子
2006,精功科技,,专用设备
2007,华兰生物,3,生物制品
2008,大族激光,3,其他电子
2009,天奇股份,,专用设备
2010,传化股份,,化学制品
2011,盾安环境,3,白色家电
2012,凯恩股份,,造纸
2013,中航机电,,国防军工
2014,永新股份,,包装印刷
2015,*ST霞客,,化工合成材料
2016,世荣兆业,3,房地产开发
2017,东信和平,,通信设备
2018,华信国际,,化学制品
2019,亿帆鑫富,,医药商业
2020,京新药业,,化学制药
2021,中捷资源,,专用设备
2022,科华生物,3,生物制品
2023,海特高新,3,国防军工
2024,苏宁云商,3,零售
2025,航天电器,3,电子制造
2026,山东威达,,通用设备
2027,七喜控股,,计算机设备
2028,思源电气,3,电气设备
2029,七 匹 狼,3,服装家纺
2030,达安基因,3,生物制品
2031,巨轮股份,,通用设备
2032,苏 泊 尔,,白色家电
2033,丽江旅游,,景点及旅游
2034,美 欣 达,,纺织制造
2035,华帝股份,,白色家电
2036,汉麻产业,,纺织制造
2037,久联发展,,化学制品
2038,双鹭药业,3,生物制品
2039,黔源电力,,电力
2040,南 京 港,,港口航运
2041,登海种业,3,种植业与林业
2042,华孚色纺,,纺织制造
2043,兔 宝 宝,,建筑材料
2044,江苏三友,,服装家纺
2045,国光电器,,电子制造
2046,轴研科技,,通用设备
2047,宝鹰股份,,建筑装饰
2048,宁波华翔,3,汽车零部件
2049,同方国芯,3,半导体及元件
2050,三花股份,3,白色家电
2051,中工国际,3,建筑装饰
2052,同洲电子,,视听器材
2053,云南盐化,,基础化学
2054,德美化工,,化学制品
2055,得润电子,3,电子制造
2056,横店东磁,3,其他电子
2057,中钢天源,,新材料
2058,威 尔 泰,,电气设备
2059,云南旅游,,景点及旅游
2060,粤 水 电,,建筑装饰
2061,江山化工,,化工新材料
2062,宏润建设,,建筑装饰
2063,远光软件,3,计算机应用
2064,华峰氨纶,3,化工合成材料
2065,东华软件,3,计算机应用
2066,瑞泰科技,,建筑材料
2067,景兴纸业,3,造纸
2068,黑猫股份,,化工合成材料
2069,獐 子 岛,3,养殖业
2070,众和股份,3,纺织制造
2071,长城影视,,传媒
2072,凯瑞德,,纺织制造
2073,软控股份,3,专用设备
2074,东源电器,,电气设备
2075,沙钢股份,,钢铁
2076,雪 莱 特,,其他电子
2077,大港股份,,房地产开发
2078,太阳纸业,3,造纸
2079,苏州固锝,3,半导体及元件
2080,中材科技,,化工新材料
2081,金 螳 螂,3,建筑装饰
2082,栋梁新材,,建筑材料
2083,孚日股份,,纺织制造
2084,海鸥卫浴,,家用轻工
2085,万丰奥威,,汽车零部件
2086,东方海洋,,养殖业
2087,新野纺织,,纺织制造
2088,鲁阳股份,,建筑材料
2089,新 海 宜,,通信设备
2090,金智科技,,电气设备
2091,江苏国泰,3,贸易
2092,中泰化学,3,基础化学
2093,国脉科技,3,通信设备
2094,青岛金王,,家用轻工
2095,生 意 宝,3,通信服务
2096,南岭民爆,,化学制品
2097,山河智能,,专用设备
2098,浔兴股份,,纺织制造
2099,海翔药业,,化学制药
2100,天康生物,,农业服务
2101,广东鸿图,,汽车零部件
2102,冠福股份,,贸易
2103,广博股份,,包装印刷
2104,恒宝股份,3,通信设备
2105,信隆实业,,非汽车交运
2106,莱宝高科,3,光学光电子
2107,沃华医药,,中药
2108,沧州明珠,3,化工合成材料
2109,兴化股份,,化学制品
2110,三钢闽光,,钢铁
2111,威海广泰,,专用设备
2112,三变科技,,电气设备
2113,天润控股,,综合
2114,罗平锌电,,有色冶炼加工
2115,三维通信,,通信设备
2116,中国海诚,,建筑装饰
2117,东港股份,3,包装印刷
2118,紫鑫药业,3,中药
2119,康强电子,,半导体及元件
2120,新海股份,,家用轻工
2121,科陆电子,,电气设备
2122,天马股份,,通用设备
2123,荣信股份,,电气设备
2124,天邦股份,,农产品加工
2125,湘潭电化,,基础化学
2126,银轮股份,,汽车零部件
2127,*ST新民,,化工合成材料
2128,露天煤业,3,煤炭开采
2129,中环股份,3,半导体及元件
2130,沃尔核材,3,新材料
2131,利欧股份,,通用设备
2132,恒星科技,,通用设备
2133,广宇集团,,房地产开发
2134,天津普林,,半导体及元件
2135,东南网架,,建筑装饰
2136,安 纳 达,,化学制品
2137,实 益 达,,光学光电子
2138,顺络电子,3,半导体及元件
2139,拓邦股份,,电子制造
2140,东华科技,3,建筑装饰
2141,蓉胜超微,,其他电子
2142,宁波银行,3,银行
2143,印纪传媒,,传媒
2144,宏达高科,,纺织制造
2145,中核钛白,,化学制品
2146,荣盛发展,3,房地产开发
2147,方圆支承,,通用设备
2148,北纬通信,3,传媒
2149,西部材料,,新材料
2150,通润装备,,通用设备
2151,北斗星通,3,国防军工
2152,广电运通,3,计算机设备
2153,石基信息,3,计算机应用
2154,报 喜 鸟,3,服装家纺
2155,辰州矿业,,有色冶炼加工
2156,通富微电,,半导体及元件
2157,正邦科技,,农产品加工
2158,汉钟精机,3,通用设备
2159,三特索道,,景点及旅游
2160,常铝股份,,有色冶炼加工
2161,远 望 谷,3,其他电子
2162,斯米克,,建筑材料
2163,*ST三鑫,,建筑材料
2164,宁波东力,,通用设备
2165,红 宝 丽,,化工新材料
2166,莱茵生物,,中药
2167,东方锆业,,有色冶炼加工
2168,深圳惠程,,电气设备
2169,智光电气,,电气设备
2170,芭田股份,,化学制品
2171,精诚铜业,,有色冶炼加工
2172,澳洋科技,,化工合成材料
2173,千足珍珠,,养殖业
2174,游族网络,,传媒
2175,广陆数测,,仪器仪表
2176,江特电机,3,电气设备
2177,御银股份,,计算机设备
2178,延华智能,,建筑装饰
2179,中航光电,3,电子制造
2180,艾派克,,半导体及元件
2181,粤 传 媒,3,传媒
2182,云海金属,,新材料
2183,怡 亚 通,3,物流
2184,海得控制,,电气设备
2185,华天科技,3,半导体及元件
2186,全 聚 德,,酒店及餐饮
2187,广百股份,,零售
2188,新 嘉 联,,电子制造
2189,利达光电,,光学光电子
2190,成飞集成,3,国防军工
2191,劲嘉股份,3,包装印刷
2192,*ST路翔,,基础化学
2193,山东如意,,纺织制造
2194,武汉凡谷,,通信设备
2195,二三四五,,计算机应用
2196,方正电机,,电气设备
2197,证通电子,,计算机设备
2198,嘉应制药,,中药
2199,东晶电子,,半导体及元件
2200,云投生态,,建筑装饰
2201,九鼎新材,,化工新材料
2202,金风科技,3,电气设备
2203,海亮股份,3,有色冶炼加工
2204,大连重工,3,通用设备
2205,国统股份,,建筑材料
2206,海 利 得,,化工合成材料
2207,准油股份,,采掘服务
2208,合肥城建,,房地产开发
2209,达 意 隆,,专用设备
2210,飞马国际,,物流
2211,宏达新材,,化学制品
2212,南洋股份,,电气设备
2213,特 尔 佳,,汽车零部件
2214,大立科技,,其他电子
2215,诺 普 信,,化学制品
2216,三全食品,,食品加工制造
2217,合力泰,,光学光电子
2218,拓日新能,,电气设备
2219,恒康医疗,3,医疗器械服务
2220,天宝股份,,农产品加工
2221,东华能源,3,基础化学
2222,福晶科技,,半导体及元件
2223,鱼跃医疗,3,医疗器械服务
2224,三 力 士,,化工合成材料
2225,濮耐股份,,建筑材料
2226,江南化工,,化学制品
2227,奥 特 迅,,电气设备
2228,合兴包装,,包装印刷
2229,鸿博股份,3,包装印刷
2230,科大讯飞,3,计算机应用
2231,奥维通信,,通信设备
2232,启明信息,,计算机应用
2233,塔牌集团,3,建筑材料
2234,民和股份,,养殖业
2235,安妮股份,,造纸
2236,大华股份,3,计算机设备
2237,恒邦股份,3,有色冶炼加工
2238,天威视讯,,通信服务
2239,金 飞 达,,服装家纺
2240,威华股份,,家用轻工
2241,歌尔声学,3,电子制造
2242,九阳股份,3,白色家电
2243,通产丽星,,包装印刷
2244,滨江集团,3,房地产开发
2245,澳洋顺昌,,物流
2246,北化股份,,化工新材料
2247,帝龙新材,,家用轻工
2248,*ST东数,,通用设备
2249,大洋电机,,电气设备
2250,联化科技,3,化学制品
2251,步 步 高,3,零售
2252,上海莱士,3,生物制品
2253,川大智胜,,计算机应用
2254,泰和新材,,化工合成材料
2255,海陆重工,,电气设备
2256,彩虹精化,,化学制品
2258,利尔化学,,化学制品
2259,升达林业,,家用轻工
2260,伊 立 浦,,白色家电
2261,拓维信息,3,传媒
2262,恩华药业,3,化学制药
2263,大 东 南,,包装印刷
2264,新 华 都,,零售
2265,西仪股份,,汽车零部件
2266,浙富控股,3,电气设备
2267,陕天然气,3,燃气水务
2268,卫 士 通,3,计算机应用
2269,美邦服饰,3,服装家纺
2270,法因数控,,通用设备
2271,东方雨虹,,建筑材料
2272,川润股份,,通用设备
2273,水晶光电,3,光学光电子
2274,华昌化工,,化学制品
2275,桂林三金,3,中药
2276,万马股份,3,电气设备
2277,友阿股份,3,零售
2278,神开股份,,专用设备
2279,久其软件,,计算机应用
2280,联络互动,,传媒
2281,光迅科技,3,通信设备
2282,博深工具,,通用设备
2283,天润曲轴,,汽车零部件
2284,亚太股份,,汽车零部件
2285,世联行,3,房地产开发
2286,保龄宝,,农产品加工
2287,奇正藏药,3,中药
2288,超华科技,,半导体及元件
2289,宇顺电子,,光学光电子
2290,禾盛新材,,白色家电
2291,星期六,,服装家纺
2292,奥飞动漫,3,传媒
2293,罗莱家纺,3,服装家纺
2294,信立泰,3,化学制药
2295,精艺股份,,有色冶炼加工
2296,辉煌科技,,计算机应用
2297,博云新材,,国防军工
2298,鑫龙电器,,电气设备
2299,圣农发展,3,养殖业
2300,太阳电缆,,电气设备
2301,齐心集团,,家用轻工
2302,西部建设,,建筑材料
2303,美盈森,,包装印刷
2304,洋河股份,3,饮料制造
2305,南国置业,,房地产开发
2306,中科云网,,酒店及餐饮
2307,北新路桥,3,建筑装饰
2308,威创股份,3,计算机设备
2309,中利科技,,电气设备
2310,东方园林,3,建筑装饰
2311,海大集团,3,农产品加工
2312,三泰控股,3,计算机设备
2313,日海通讯,3,通信设备
2314,雅致股份,,建筑材料
2315,焦点科技,,通信服务
2316,键桥通讯,,通信设备
2317,众生药业,3,中药
2318,久立特材,3,钢铁
2319,乐通股份,,化学制品
2320,海峡股份,,港口航运
2321,华英农业,,养殖业
2322,理工监测,,电气设备
2323,中联电气,,电气设备
2324,普利特,,化工合成材料
2325,洪涛股份,3,建筑装饰
2326,永太科技,,化学制品
2327,富安娜,,服装家纺
2328,新朋股份,,汽车零部件
2329,皇氏集团,,食品加工制造
2330,得利斯,,食品加工制造
2331,皖通科技,,计算机应用
2332,仙琚制药,,化学制药
2333,罗普斯金,,建筑材料
2334,英威腾,,电气设备
2335,科华恒盛,,电气设备
2336,人人乐,,零售
2337,赛象科技,,专用设备
2338,奥普光电,,仪器仪表
2339,积成电子,,电气设备
2340,格林美,3,新材料
2341,新纶科技,,环保工程
2342,巨力索具,,通用设备
2343,禾欣股份,,化工合成材料
2344,海宁皮城,3,零售
2345,潮宏基,,家用轻工
2346,柘中股份,,建筑材料
2347,泰尔重工,,通用设备
2348,高乐股份,,家用轻工
2349,精华制药,,中药
2350,北京科锐,,电气设备
2351,漫步者,,电子制造
2352,鼎泰新材,,通用设备
2353,杰瑞股份,3,专用设备
2354,天神娱乐,,传媒
2355,兴民钢圈,3,汽车零部件
2356,浩宁达,,电气设备
2357,富临运业,,公交
2358,森源电气,,电气设备
2359,齐星铁塔,,电气设备
2360,同德化工,,化学制品
2361,神剑股份,,化学制品
2362,汉王科技,,计算机应用
2363,隆基机械,,汽车零部件
2364,中恒电气,,电气设备
2365,永安药业,,化学制药
2366,丹甫股份,,白色家电
2367,康力电梯,,专用设备
2368,太极股份,3,计算机应用
2369,卓翼科技,3,电子制造
2370,亚太药业,,化学制药
2371,七星电子,3,半导体及元件
2372,伟星新材,,建筑材料
2373,千方科技,,计算机应用
2374,丽鹏股份,,包装印刷
2375,亚厦股份,3,建筑装饰
2376,新北洋,,计算机设备
2377,国创高新,,基础化学
2378,章源钨业,3,有色冶炼加工
2379,鲁丰环保,,有色冶炼加工
2380,科远股份,,计算机应用
2381,双箭股份,,化工合成材料
2382,蓝帆医疗,,化工合成材料
2383,合众思壮,,计算机设备
2384,东山精密,,电子制造
2385,大北农,3,农产品加工
2386,天原集团,,基础化学
2387,黑牛食品,,饮料制造
2388,新亚制程,,其他电子
2389,南洋科技,,半导体及元件
2390,信邦制药,,医疗器械服务
2391,长青股份,,化学制品
2392,北京利尔,,建筑材料
2393,力生制药,3,化学制药
2394,联发股份,,纺织制造
2395,双象股份,,化工合成材料
2396,星网锐捷,3,通信设备
2397,梦洁家纺,,服装家纺
2398,建研集团,,建筑材料
2399,海普瑞,3,化学制药
2400,省广股份,3,传媒
2401,中海科技,3,计算机应用
2402,和而泰,,电子制造
2403,爱仕达,,白色家电
2404,嘉欣丝绸,,纺织制造
2405,四维图新,3,计算机应用
2406,远东传动,,汽车零部件
2407,多氟多,3,化学制品
2408,齐翔腾达,3,化工新材料
2409,雅克科技,,化学制品
2410,广联达,3,计算机应用
2411,九九久,,化学制品
2412,汉森制药,,中药
2413,常发股份,,白色家电
2414,高德红外,3,其他电子
2415,海康威视,3,计算机设备
2416,爱施德,3,零售
2417,三元达,,通信设备
2418,康盛股份,,白色家电
2419,天虹商场,3,零售
2420,毅昌股份,,视听器材
2421,达实智能,,计算机应用
2422,科伦药业,,化学制药
2423,中原特钢,3,通用设备
2424,贵州百灵,3,中药
2425,凯撒股份,,服装家纺
2426,胜利精密,,通用设备
2427,尤夫股份,,化工合成材料
2428,云南锗业,3,有色冶炼加工
2429,兆驰股份,3,视听器材
2430,杭氧股份,,专用设备
2431,棕榈园林,3,建筑装饰
2432,九安医疗,,医疗器械服务
2433,太安堂,,中药
2434,万里扬,,汽车零部件
2435,长江润发,,专用设备
2436,兴森科技,,半导体及元件
2437,誉衡药业,3,化学制药
2438,江苏神通,,通用设备
2439,启明星辰,3,计算机应用
2440,闰土股份,3,化学制品
2441,众业达,,电气设备
2442,龙星化工,,化工合成材料
2443,金洲管道,,钢铁
2444,巨星科技,3,通用设备
2445,中南重工,,通用设备
2446,盛路通信,,通信设备
2447,壹桥海参,,养殖业
2448,中原内配,,汽车零部件
2449,国星光电,,光学光电子
2450,康得新,3,化工合成材料
2451,摩恩电气,,电气设备
2452,长高集团,,电气设备
2453,天马精化,,化学制品
2454,松芝股份,,汽车零部件
2455,百川股份,,化学制品
2456,欧菲光,3,光学光电子
2457,青龙管业,,建筑材料
2458,益生股份,,养殖业
2459,天业通联,,专用设备
2460,赣锋锂业,3,有色冶炼加工
2461,珠江啤酒,3,饮料制造
2462,嘉事堂,,医药商业
2463,沪电股份,,半导体及元件
2464,金利科技,,化工合成材料
2465,海格通信,3,通信设备
2466,天齐锂业,,有色冶炼加工
2467,二六三,3,通信服务
2468,艾迪西,,建筑材料
2469,三维工程,,建筑装饰
2470,金正大,3,化学制品
2471,中超电缆,,电气设备
2472,双环传动,,汽车零部件
2473,圣莱达,,白色家电
2474,榕基软件,3,计算机应用
2475,立讯精密,3,电子制造
2476,宝莫股份,3,化学制品
2477,雏鹰农牧,,养殖业
2478,常宝股份,,钢铁
2479,富春环保,,电力
2480,新筑股份,,通用设备
2481,双塔食品,,食品加工制造
2482,广田股份,3,建筑装饰
2483,润邦股份,,专用设备
2484,江海股份,,半导体及元件
2485,希努尔,,服装家纺
2486,嘉麟杰,,服装家纺
2487,大金重工,,通用设备
2488,金固股份,,汽车零部件
2489,浙江永强,,家用轻工
2490,山东墨龙,3,专用设备
2491,通鼎互联,,通信设备
2492,恒基达鑫,,物流
2493,荣盛石化,3,化工合成材料
2494,华斯股份,,服装家纺
2495,佳隆股份,,食品加工制造
2496,辉丰股份,,化学制品
2497,雅化集团,,化学制品
2498,汉缆股份,,电气设备
2499,科林环保,,专用设备
2500,山西证券,3,证券
2501,利源精制,3,有色冶炼加工
2502,骅威股份,,家用轻工
2503,搜于特,,服装家纺
2504,东光微电,,建筑装饰
2505,大康牧业,,养殖业
2506,*ST集成,,电气设备
2507,涪陵榨菜,,食品加工制造
2508,老板电器,3,白色家电
2509,天广消防,,专用设备
2510,天汽模,,通用设备
2511,中顺洁柔,,造纸
2512,达华智能,,其他电子
2513,蓝丰生化,,化学制品
2514,宝馨科技,,通用设备
2515,金字火腿,,食品加工制造
2516,江苏旷达,,纺织制造
2517,泰亚股份,,纺织制造
2518,科士达,3,电气设备
2519,银河电子,,视听器材
2520,日发精机,,通用设备
2521,齐峰新材,,造纸
2522,浙江众成,,包装印刷
2523,天桥起重,,专用设备
2524,光正集团,3,建筑装饰
2526,山东矿机,,专用设备
2527,新时达,,电气设备
2528,英飞拓,,计算机设备
2529,海源机械,,专用设备
2530,丰东股份,,通用设备
2531,天顺风能,,电气设备
2532,新界泵业,,通用设备
2533,金杯电工,,电气设备
2534,杭锅股份,,电气设备
2535,林州重机,,专用设备
2536,西泵股份,,汽车零部件
2537,海立美达,,通用设备
2538,司尔特,,化学制品
2539,新都化工,,化学制品
2540,亚太科技,,有色冶炼加工
2541,鸿路钢构,,建筑装饰
2542,中化岩土,,建筑装饰
2543,万和电气,,白色家电
2544,杰赛科技,,通信设备
2545,东方铁塔,,电气设备
2546,新联电子,,电气设备
2547,春兴精工,,电子制造
2548,金新农,,农产品加工
2549,凯美特气,,化学制品
2550,千红制药,,化学制药
2551,尚荣医疗,,医疗器械服务
2552,宝鼎重工,,通用设备
2553,南方轴承,,汽车零部件
2554,惠博普,,采掘服务
2555,顺荣三七,,汽车零部件
2556,辉隆股份,3,化学制品
2557,洽洽食品,,食品加工制造
2558,世纪游轮,,景点及旅游
2559,亚威股份,,通用设备
2560,通达股份,,电气设备
2561,徐家汇,,零售
2562,兄弟科技,,化学制品
2563,森马服饰,,服装家纺
2564,天沃科技,,专用设备
2565,上海绿新,,包装印刷
2566,益盛药业,,中药
2567,唐人神,,农产品加工
2568,百润股份,,食品加工制造
2569,步森股份,,服装家纺
2570,贝因美,3,食品加工制造
2571,德力股份,3,家用轻工
2572,索菲亚,,家用轻工
2573,国电清新,3,环保工程
2574,明牌珠宝,3,家用轻工
2575,群兴玩具,,家用轻工
2576,通达动力,,电气设备
2577,雷柏科技,3,计算机设备
2578,闽发铝业,,有色冶炼加工
2579,中京电子,3,半导体及元件
2580,圣阳股份,,电气设备
2581,万昌科技,,化学制品
2582,好想你,,食品加工制造
2583,海能达,,通信设备
2584,西陇化工,,化学制品
2585,双星新材,,包装印刷
2586,围海股份,,建筑装饰
2587,奥拓电子,,光学光电子
2588,史丹利,,化学制品
2589,瑞康医药,,医药商业
2590,万安科技,,汽车零部件
2591,恒大高新,,化学制品
2592,八菱科技,,汽车零部件
2593,日上集团,,汽车零部件
2594,比亚迪,3,汽车整车
2595,豪迈科技,,通用设备
2596,海南瑞泽,,建筑材料
2597,金禾实业,,化学制品
2598,山东章鼓,,通用设备
2599,盛通股份,,包装印刷
2600,江粉磁材,,新材料
2601,佰利联,,化学制品
2602,世纪华通,,汽车零部件
2603,以岭药业,3,中药
2604,龙力生物,,农产品加工
2605,姚记扑克,,家用轻工
2606,大连电瓷,,电气设备
2607,亚夏汽车,,交运设备服务
2608,舜天船舶,,国防军工
2609,捷顺科技,,计算机应用
2610,爱康科技,,电气设备
2611,东方精工,,专用设备
2612,朗姿股份,,服装家纺
2613,北玻股份,,专用设备
2614,蒙发利,,白色家电
2615,哈尔斯,,家用轻工
2616,长青集团,,白色家电
2617,露笑科技,,电气设备
2618,丹邦科技,,半导体及元件
2619,巨龙管业,,建筑材料
2620,瑞和股份,,建筑装饰
2621,大连三垒,,专用设备
2622,永大集团,,电气设备
2623,亚玛顿,,建筑材料
2624,金磊股份,,传媒
2625,龙生股份,,汽车零部件
2626,金达威,,化学制药
2627,宜昌交运,,公交
2628,成都路桥,,建筑装饰
2629,仁智油服,,采掘服务
2630,华西能源,,电气设备
2631,德尔家居,,家用轻工
2632,道明光学,,化学制品
2633,*ST申科,,通用设备
2634,棒杰股份,,服装家纺
2635,安洁科技,,电子制造
2636,金安国纪,,半导体及元件
2637,赞宇科技,,化学制品
2638,勤上光电,,光学光电子
2639,雪人股份,,通用设备
2640,百圆裤业,,服装家纺
2641,永高股份,,建筑材料
2642,荣之联,3,计算机应用
2643,烟台万润,,化学制品
2644,佛慈制药,,中药
2645,华宏科技,,专用设备
2646,青青稞酒,3,饮料制造
2647,宏磊股份,,通用设备
2648,卫星石化,3,基础化学
2649,博彦科技,,计算机应用
2650,加加食品,,食品加工制造
2651,利君股份,,专用设备
2652,扬子新材,,建筑材料
2653,海思科,3,化学制药
2654,万润科技,,光学光电子
2655,共达电声,,电子制造
2656,卡奴迪路,,服装家纺
2657,中科金财,,计算机应用
2658,雪迪龙,,仪器仪表
2659,中泰桥梁,,建筑装饰
2660,茂硕电源,,电子制造
2661,克明面业,,食品加工制造
2662,京威股份,,汽车零部件
2663,普邦园林,,建筑装饰
2664,信质电机,,汽车零部件
2665,首航节能,,电气设备
2666,德联集团,,化学制品
2667,鞍重股份,,专用设备
2668,奥马电器,,白色家电
2669,康达新材,,化学制品
2670,华声股份,,白色家电
2671,龙泉股份,,建筑材料
2672,东江环保,,环保工程
2673,西部证券,3,证券
2674,兴业科技,,纺织制造
2675,东诚药业,,化学制药
2676,顺威股份,,白色家电
2677,浙江美大,,白色家电
2678,珠江钢琴,,家用轻工
2679,福建金森,,种植业与林业
2680,黄海机械,,专用设备
2681,奋达科技,3,白色家电
2682,龙洲股份,,公交
2683,宏大爆破,,化学制品
2684,猛狮科技,,汽车零部件
2685,华东重机,,专用设备
2686,亿利达,,通用设备
2687,乔治白,,服装家纺
2688,金河生物,,农业服务
2689,博林特,,专用设备
2690,美亚光电,,专用设备
2691,石中装备,,专用设备
2692,远程电缆,,电气设备
2693,双成药业,,化学制药
2694,顾地科技,,建筑材料
2695,煌上煌,,食品加工制造
2696,百洋股份,,养殖业
2697,红旗连锁,,零售
2698,博实股份,,专用设备
2699,美盛文化,,服装家纺
2700,新疆浩源,,燃气水务
2701,奥瑞金,3,包装印刷
2702,海欣食品,,食品加工制造
2703,浙江世宝,,汽车零部件
2705,新宝股份,,白色家电
2706,良信电器,,电气设备
2707,众信旅游,,景点及旅游
2708,光洋股份,,汽车零部件
2709,天赐材料,,化学制品
2710,慈铭体检,,医疗器械服务
2711,欧浦钢网,,物流
2712,思美传媒,,传媒
2713,东易日盛,,建筑装饰
2714,牧原股份,,养殖业
2715,登云股份,,汽车零部件
2716,金贵银业,,有色冶炼加工
2717,岭南园林,,建筑装饰
2718,友邦吊顶,,建筑材料
2719,麦趣尔,,食品加工制造
2720,宏良股份,,纺织制造
2721,金一文化,,家用轻工
2722,金轮股份,,专用设备
2723,金莱特,,白色家电
2724,海洋王,,其他电子
2725,跃岭股份,,汽车零部件
2726,龙大肉食,,食品加工制造
2727,一心堂,,医药商业
2728,台城制药,,中药
2729,好利来,,其他电子
2730,电光科技,,专用设备
2731,萃华珠宝,,家用轻工
2732,燕塘乳业,,食品加工制造
2733,雄韬股份,,电气设备
2734,利民股份,,化学制品
2735,王子新材,,包装印刷
2736,国信证券,,证券
2737,葵花药业,,中药
2738,中矿资源,,采掘服务
2739,万达院线,,传媒
2740,爱迪尔,,家用轻工
2741,光华科技,,化学制品
2742,三圣特材,,建筑材料
2743,富煌钢构,,建筑装饰
2745,木林森,,光学光电子
2746,仙坛股份,,养殖业
2747,埃斯顿,,通用设备
2748,世龙实业,,化学制品
2749,国光股份,,化学制品
2750,龙津药业,,中药
2751,易尚展示,,家用轻工
2752,昇兴股份,,通用设备
300001,特锐德,3,电气设备
300002,神州泰岳,3,计算机应用
300003,乐普医疗,3,医疗器械服务
300004,南风股份,,专用设备
300005,探路者,3,服装家纺
300006,莱美药业,,化学制药
300007,汉威电子,,仪器仪表
300008,上海佳豪,,国防军工
300009,安科生物,,生物制品
300010,立思辰,3,计算机应用
300011,鼎汉技术,,电气设备
300012,华测检测,,综合
300013,新宁物流,,物流
300014,亿纬锂能,3,其他电子
300015,爱尔眼科,3,医疗器械服务
300016,北陆药业,,化学制药
300017,网宿科技,3,通信设备
300018,中元华电,,电气设备
300019,硅宝科技,,化学制品
300020,银江股份,3,计算机应用
300021,大禹节水,,农业服务
300022,吉峰农机,,零售
300023,宝德股份,,专用设备
300024,机器人,3,通用设备
300025,华星创业,,通信设备
300026,红日药业,3,化学制药
300027,华谊兄弟,3,传媒
300028,金亚科技,,通信设备
300029,天龙光电,,电气设备
300030,阳普医疗,,医疗器械服务
300031,宝通带业,,化工合成材料
300032,金龙机电,,光学光电子
300033,同花顺,,计算机应用
300034,钢研高纳,3,通用设备
300035,中科电气,,专用设备
300036,超图软件,,计算机应用
300037,新宙邦,,化学制品
300038,梅泰诺,,通信设备
300039,上海凯宝,3,中药
300040,九洲电气,,电气设备
300041,回天新材,,化学制品
300042,朗科科技,,计算机设备
300043,互动娱乐,,传媒
300044,赛为智能,,计算机应用
300045,华力创通,,计算机设备
300046,台基股份,,半导体及元件
300047,天源迪科,,计算机应用
300048,合康变频,,电气设备
300049,福瑞股份,,中药
300050,世纪鼎利,,通信设备
300051,三五互联,,计算机应用
300052,中青宝,3,通信服务
300053,欧比特,3,半导体及元件
300054,鼎龙股份,,化学制品
300055,万邦达,3,环保工程
300056,三维丝,,环保工程
300057,万顺股份,,包装印刷
300058,蓝色光标,3,传媒
300059,东方财富,3,传媒
300061,康耐特,,家用轻工
300062,中能电气,,电气设备
300063,天龙集团,,化学制品
300064,豫金刚石,,通用设备
300065,海兰信,3,计算机设备
300066,三川股份,,仪器仪表
300067,安诺其,,化学制品
300068,南都电源,,电气设备
300069,金利华电,,电气设备
300070,碧水源,3,环保工程
300071,华谊嘉信,,传媒
300072,三聚环保,3,化学制品
300073,当升科技,,化学制品
300074,华平股份,3,计算机应用
300075,数字政通,,计算机应用
300076,GQY视讯,,光学光电子
300077,国民技术,3,半导体及元件
300078,中瑞思创,,其他电子
300079,数码视讯,3,计算机应用
300080,新大新材,,通用设备
300081,恒信移动,,通信设备
300082,奥克股份,,化学制品
300083,劲胜精密,,电子制造
300084,海默科技,,采掘服务
300085,银之杰,,计算机应用
300086,康芝药业,,化学制药
300087,荃银高科,,种植业与林业
300088,长信科技,3,光学光电子
300089,长城集团,,家用轻工
300090,盛运环保,3,环保工程
300091,金通灵,,通用设备
300092,科新机电,,通用设备
300093,金刚玻璃,3,建筑材料
300094,国联水产,,养殖业
300095,华伍股份,,通用设备
300096,易联众,,计算机应用
300097,智云股份,,通用设备
300098,高新兴,,通信设备
300099,尤洛卡,,专用设备
300100,双林股份,,汽车零部件
300101,振芯科技,,国防军工
300102,乾照光电,,光学光电子
300103,达刚路机,,专用设备
300104,乐视网,3,通信服务
300105,龙源技术,,电气设备
300106,西部牧业,,养殖业
300107,建新股份,,化学制品
300108,双龙股份,,中药
300109,新开源,,化学制品
300110,华仁药业,,化学制药
300111,向日葵,,电气设备
300112,万讯自控,,仪器仪表
300113,顺网科技,,通信服务
300114,中航电测,,仪器仪表
300115,长盈精密,3,电子制造
300116,坚瑞消防,,专用设备
300117,嘉寓股份,,建筑材料
300118,东方日升,,电气设备
300119,瑞普生物,,农业服务
300120,经纬电材,,电气设备
300121,阳谷华泰,,化工合成材料
300122,智飞生物,3,生物制品
300123,太阳鸟,,国防军工
300124,汇川技术,3,电气设备
300125,易世达,,环保工程
300126,锐奇股份,,通用设备
300127,银河磁体,,新材料
300128,锦富新材,3,光学光电子
300129,泰胜风能,,电气设备
300130,新国都,,计算机设备
300131,英唐智控,,电子制造
300132,青松股份,,化学制品
300133,华策影视,3,传媒
300134,大富科技,3,通信设备
300135,宝利沥青,,基础化学
300136,信维通信,,电子制造
300137,先河环保,,仪器仪表
300138,晨光生物,,农产品加工
300139,福星晓程,,半导体及元件
300140,启源装备,,电气设备
300141,和顺电气,,电气设备
300142,沃森生物,,生物制品
300143,星河生物,,种植业与林业
300144,宋城演艺,,景点及旅游
300145,南方泵业,,通用设备
300146,汤臣倍健,3,食品加工制造
300147,香雪制药,3,中药
300148,天舟文化,,传媒
300149,量子高科,,农产品加工
300150,世纪瑞尔,,计算机应用
300151,昌红科技,,通用设备
300152,燃控科技,3,电气设备
300153,科泰电源,,电气设备
300154,瑞凌股份,,通用设备
300155,安居宝,,计算机设备
300156,神雾环保,,环保工程
300157,恒泰艾普,3,采掘服务
300158,振东制药,,中药
300159,新研股份,,专用设备
300160,秀强股份,,白色家电
300161,华中数控,,通用设备
300162,雷曼光电,,光学光电子
300163,先锋新材,,化学制品
300164,通源石油,,采掘服务
300165,天瑞仪器,,仪器仪表
300166,东方国信,,计算机应用
300167,迪威视讯,,计算机应用
300168,万达信息,3,计算机应用
300169,天晟新材,,化学制品
300170,汉得信息,3,计算机应用
300171,东富龙,,医疗器械服务
300172,中电环保,,环保工程
300173,松德股份,,专用设备
300174,元力股份,,化学制品
300175,朗源股份,,农产品加工
300176,鸿特精密,,汽车零部件
300177,中海达,,计算机设备
300178,腾邦国际,,景点及旅游
300179,四方达,,通用设备
300180,华峰超纤,,化工合成材料
300181,佐力药业,,中药
300182,捷成股份,,计算机应用
300183,东软载波,,半导体及元件
300184,力源信息,,其他电子
300185,通裕重工,,通用设备
300186,大华农,,农业服务
300187,永清环保,,环保工程
300188,美亚柏科,,计算机应用
300189,神农大丰,,种植业与林业
300190,维尔利,,环保工程
300191,潜能恒信,3,采掘服务
300192,科斯伍德,,化学制品
300193,佳士科技,,通用设备
300194,福安药业,,化学制药
300195,长荣股份,,专用设备
300196,长海股份,,化工新材料
300197,铁汉生态,,建筑装饰
300198,纳川股份,,建筑材料
300199,翰宇药业,3,化学制药
300200,高盟新材,,化工新材料
300201,海伦哲,,专用设备
300202,聚龙股份,3,计算机设备
300203,聚光科技,3,仪器仪表
300204,舒泰神,,生物制品
300205,天喻信息,3,通信设备
300206,理邦仪器,,医疗器械服务
300207,欣旺达,,电子制造
300208,恒顺众昇,,电气设备
300209,天泽信息,,计算机应用
300210,森远股份,,专用设备
300211,亿通科技,,通信设备
300212,易华录,3,计算机应用
300213,佳讯飞鸿,,通信设备
300214,日科化学,,化学制品
300215,电科院,,电气设备
300216,千山药机,3,医疗器械服务
300217,东方电热,,白色家电
300218,安利股份,,化工合成材料
300219,鸿利光电,,光学光电子
300220,金运激光,,其他电子
300221,银禧科技,,化工合成材料
300222,科大智能,,电气设备
300223,北京君正,,半导体及元件
300224,正海磁材,,新材料
300225,金力泰,,化学制品
300226,上海钢联,3,通信服务
300227,光韵达,,电子制造
300228,富瑞特装,3,通用设备
300229,拓尔思,,计算机应用
300230,永利带业,,化工合成材料
300231,银信科技,,计算机应用
300232,洲明科技,,光学光电子
300233,金城医药,,化学制药
300234,开尔新材,,建筑材料
300235,方直科技,,计算机应用
300236,上海新阳,,化学制品
300237,美晨科技,,汽车零部件
300238,冠昊生物,,医疗器械服务
300239,东宝生物,,生物制品
300240,飞力达,,物流
300241,瑞丰光电,,光学光电子
300242,明家科技,,电气设备
300243,瑞丰高材,,化学制品
300244,迪安诊断,,医疗器械服务
300245,天玑科技,,计算机应用
300246,宝莱特,,医疗器械服务
300247,桑乐金,,白色家电
300248,新开普,,计算机应用
300249,依米康,,白色家电
300250,初灵信息,,通信设备
300251,光线传媒,3,传媒
300252,金信诺,,通信设备
300253,卫宁软件,3,计算机应用
300254,仟源医药,,化学制药
300255,常山药业,,化学制药
300256,星星科技,,电子制造
300257,开山股份,3,通用设备
300258,精锻科技,,汽车零部件
300259,新天科技,,仪器仪表
300260,新莱应材,,通用设备
300261,雅本化学,,化学制品
300262,巴安水务,,环保工程
300263,隆华节能,,通用设备
300264,佳创视讯,,计算机应用
300265,通光线缆,,电气设备
300266,兴源环境,,环保工程
300267,尔康制药,,化学制药
300268,万福生科,,农产品加工
300269,联建光电,,光学光电子
300270,中威电子,,计算机设备
300271,华宇软件,,计算机应用
300272,开能环保,,白色家电
300273,和佳股份,3,医疗器械服务
300274,阳光电源,3,电气设备
300275,梅安森,,专用设备
300276,三丰智能,,专用设备
300277,海联讯,,计算机应用
300278,华昌达,,通用设备
300279,和晶科技,,电子制造
300280,南通锻压,,通用设备
300281,金明精机,,专用设备
300282,汇冠股份,,电子制造
300283,温州宏丰,,电气设备
300284,苏交科,,建筑装饰
300285,国瓷材料,,基础化学
300286,安科瑞,,电气设备
300287,飞利信,,计算机应用
300288,朗玛信息,,传媒
300289,利德曼,,生物制品
300290,荣科科技,,计算机应用
300291,华录百纳,,传媒
300292,吴通通讯,,通信设备
300293,蓝英装备,,专用设备
300294,博雅生物,,生物制品
300295,三六五网,,通信服务
300296,利亚德,,光学光电子
300297,蓝盾股份,,计算机应用
300298,三诺生物,,医疗器械服务
300299,富春通信,,通信设备
300300,汉鼎股份,,计算机应用
300301,长方照明,,光学光电子
300302,同有科技,,计算机设备
300303,聚飞光电,,光学光电子
300304,云意电气,,汽车零部件
300305,裕兴股份,,化工合成材料
300306,远方光电,,仪器仪表
300307,慈星股份,,专用设备
300308,中际装备,,电气设备
300309,吉艾科技,,专用设备
300310,宜通世纪,,通信设备
300311,任子行,,计算机应用
300312,邦讯技术,,通信设备
300313,天山生物,,养殖业
300314,戴维医疗,,医疗器械服务
300315,掌趣科技,3,传媒
300316,晶盛机电,,电气设备
300317,珈伟股份,,光学光电子
300318,博晖创新,,医疗器械服务
300319,麦捷科技,,半导体及元件
300320,海达股份,,化工合成材料
300321,同大股份,,化工合成材料
300322,硕贝德,,电子制造
300323,华灿光电,,光学光电子
300324,旋极信息,,计算机应用
300325,德威新材,,化工合成材料
300326,凯利泰,,医疗器械服务
300327,中颖电子,,半导体及元件
300328,宜安科技,,电子制造
300329,海伦钢琴,,家用轻工
300330,华虹计通,,计算机应用
300331,苏大维格,,光学光电子
300332,天壕节能,,环保工程
300333,兆日科技,,计算机设备
300334,津膜科技,,环保工程
300335,迪森股份,,环保工程
300336,新文化,,传媒
300337,银邦股份,,有色冶炼加工
300338,开元仪器,,仪器仪表
300339,润和软件,,计算机应用
300340,科恒股份,,其他电子
300341,麦迪电气,,电气设备
300342,天银机电,,白色家电
300343,联创节能,,化工新材料
300344,太空板业,,建筑材料
300345,红宇新材,,通用设备
300346,南大光电,,光学光电子
300347,泰格医药,,医疗器械服务
300348,长亮科技,,计算机应用
300349,金卡股份,,仪器仪表
300350,华鹏飞,,物流
300351,永贵电器,,非汽车交运
300352,北信源,,计算机应用
300353,东土科技,,通信设备
300354,东华测试,,仪器仪表
300355,蒙草抗旱,3,建筑装饰
300356,光一科技,,电气设备
300357,我武生物,,生物制品
300358,楚天科技,,医疗器械服务
300359,全通教育,,传媒
300360,炬华科技,,电气设备
300361,奥赛康,,化学制药
300362,天保重装,,电气设备
300363,博腾股份,,化学制药
300364,中文在线,,传媒
300365,恒华科技,,计算机应用
300366,创意信息,,计算机应用
300367,东方网力,,计算机设备
300368,汇金股份,,计算机设备
300369,绿盟科技,,计算机应用
300370,安控科技,,采掘服务
300371,汇中股份,,仪器仪表
300372,欣泰电气,,电气设备
300373,扬杰科技,,半导体及元件
300374,恒通科技,,建筑材料
300375,鹏翎股份,,汽车零部件
300376,易事特,,电气设备
300377,赢时胜,,计算机应用
300378,鼎捷软件,,计算机应用
300379,东方通,,计算机应用
300380,安硕信息,,计算机应用
300381,溢多利,,生物制品
300382,斯莱克,,专用设备
300383,光环新网,,通信服务
300384,三联虹普,,计算机应用
300385,雪浪环境,,专用设备
300386,飞天诚信,,计算机设备
300387,富邦股份,,化学制品
300388,国祯环保,,燃气水务
300389,艾比森,,光学光电子
300390,天华超净,,其他电子
300391,康跃科技,,通用设备
300392,腾信股份,,传媒
300393,中来股份,,电气设备
300394,天孚通信,,半导体及元件
300395,菲利华,,新材料
300396,迪瑞医疗,,医疗器械服务
300397,天和防务,,仪器仪表
300398,飞凯材料,,化学制品
300399,京天利,,计算机应用
300400,劲拓股份,,通用设备
300401,花园生物,,化学制药
300402,宝色股份,,专用设备
300403,地尔汉宇,,白色家电
300404,博济医药,,医疗器械服务
300405,科隆精化,,化学制品
300406,九强生物,,生物制品
300407,凯发电气,,电气设备
300408,三环集团,,半导体及元件
300409,道氏技术,,化学制品
300410,正业科技,,其他电子
300411,金盾股份,,专用设备
300412,迦南科技,,医疗器械服务
300413,快乐购,,零售
300415,伊之密,,专用设备
300416,苏试试验,,仪器仪表
300417,南华仪器,,仪器仪表
300418,昆仑万维,,传媒
300419,浩丰科技,,计算机应用
300420,五洋科技,,通用设备
300421,力星股份,,通用设备
300422,博世科,,环保工程
300423,鲁亿通,,电气设备
300424,航新科技,,--
300425,环能科技,,环保工程
300426,唐德影视,,传媒
300427,红相电力,,电气设备
300428,四通新材,,新材料
300429,强力新材,,化学制品
300430,诚益通,,通用设备
300431,暴风科技,,通信服务
300432,富临精工,,汽车零部件
300433,蓝思科技,,电子制造
300434,金石东方,,专用设备
300435,中泰股份,,通用设备
300436,广生堂,,化学制药
300437,清水源,,化学制品
300438,鹏辉能源,,其他电子
300439,美康生物,,生物制品
300440,运达科技,,计算机应用
300441,鲍斯股份,,通用设备
300442,普丽盛,,专用设备
300443,金雷风电,,通用设备
300444,双杰电气,,电气设备
300445,康斯特,,仪器仪表
300446,乐凯新材,,化学制品
300447,全信股份,,电气设备
300448,浩云科技,,计算机应用
300449,汉邦高科,,计算机设备
