000001,平安银行,3,银行,
000002,万  科Ａ,3,房地产开发,
000004,国农科技,,生物制品,
000005,世纪星源,,房地产开发,
000006,深振业Ａ,3,房地产开发,
000007,零七股份,,酒店及餐饮,
000008,神州高铁,,非汽车交运,
000009,中国宝安,3,综合,
000010,深华新,,建筑装饰,
000011,深物业A,,房地产开发,
000012,南  玻Ａ,3,建筑材料,
000014,沙河股份,,房地产开发,
000016,深康佳Ａ,,视听器材,
000017,深中华A,,非汽车交运,
000018,中冠A,,房地产开发,
000019,深深宝Ａ,,饮料制造,
000020,深华发Ａ,,电子制造,
000021,深科技,,计算机设备,
000022,深赤湾Ａ,,港口航运,
000023,深天地Ａ,,建筑材料,
000024,招商地产,3,房地产开发,
000025,特  力Ａ,,交运设备服务,
000026,飞亚达Ａ,,家用轻工,
000027,深圳能源,3,电力,
000028,国药一致,3,医药商业,
000029,深深房Ａ,,房地产开发,
000030,富奥股份,,汽车零部件,
000031,中粮地产,3,房地产开发,
000032,深桑达Ａ,,通信设备,
000033,*ST新都,,酒店及餐饮,
000034,深信泰丰,,农产品加工,
000035,中国天楹,,环保工程,
000036,华联控股,,房地产开发,
000037,深南电Ａ,,电力,
000038,深大通,,房地产开发,
000039,中集集团,3,通用设备,
000040,宝安地产,,房地产开发,
000042,中洲控股,,房地产开发,
000043,中航地产,3,房地产开发,
000045,深纺织Ａ,,光学光电子,
000046,泛海控股,3,房地产开发,
000048,康达尔,,农产品加工,
000049,德赛电池,3,电子制造,
000050,深天马Ａ,3,光学光电子,
000055,方大集团,,建筑装饰,
000056,深国商,,房地产开发,
000058,深 赛 格,,零售,
000059,*ST华锦,,基础化学,
000060,中金岭南,3,有色冶炼加工,
000061,农 产 品,3,零售,
000062,深圳华强,3,零售,
000063,中兴通讯,3,通信设备,
000065,北方国际,,建筑装饰,
000066,长城电脑,,计算机设备,
000068,*ST华赛,,综合,
000069,华侨城Ａ,3,房地产开发,
000070,特发信息,,通信设备,
000078,海王生物,3,生物制品,
000088,盐 田 港,3,港口航运,
000089,深圳机场,3,机场航运,
000090,天健集团,,房地产开发,
000096,广聚能源,,基础化学,
000099,中信海直,3,机场航运,
000100,TCL 集团,3,视听器材,
000150,宜华健康,,医疗器械服务,
000151,中成股份,3,贸易,
000153,丰原药业,,化学制药,
000155,*ST川化,,化学制品,
000156,华数传媒,3,通信服务,
000157,中联重科,3,专用设备,
000158,常山股份,,纺织制造,
000159,国际实业,,煤炭开采,
000166,申万宏源,,证券,
000301,东方市场,,电力,
000333,美的集团,3,白色家电,
000338,潍柴动力,3,汽车零部件,
000400,许继电气,3,电气设备,
000401,冀东水泥,3,建筑材料,
000402,金 融 街,3,房地产开发,
000403,ST生化,,生物制品,
000404,华意压缩,,白色家电,
000407,胜利股份,,化学制品,
000408,金谷源,,贸易,
000409,山东地矿,,石油矿业开采,
000410,沈阳机床,3,通用设备,
000411,英特集团,,医药商业,
000413,东旭光电,3,光学光电子,
000415,渤海租赁,3,保险及其他,
000416,民生控股,,保险及其他,
000417,合肥百货,3,零售,
000418,小天鹅Ａ,,白色家电,
000419,通程控股,,零售,
000420,吉林化纤,,化工合成材料,
000421,南京中北,,综合,
000422,湖北宜化,3,化学制品,
000423,东阿阿胶,3,中药,
000425,徐工机械,3,专用设备,
000426,兴业矿业,3,有色冶炼加工,
000428,华天酒店,,酒店及餐饮,
000429,粤高速Ａ,,公路铁路运输,
000430,张家界,,景点及旅游,
000488,晨鸣纸业,,造纸,
000498,山东路桥,,建筑装饰,
000501,鄂武商Ａ,3,零售,
000502,绿景控股,,房地产开发,
000503,海虹控股,3,通信服务,
000504,南华生物,,传媒,
000505,珠江控股,,房地产开发,
000506,中润资源,3,有色冶炼加工,
000507,珠海港,,港口航运,
000509,华塑控股,,建筑材料,
000510,*ST金路,,基础化学,
000511,烯碳新材,3,新材料,
000513,丽珠集团,3,化学制药,
000514,渝 开 发,,房地产开发,
000516,国际医学,3,零售,
000517,荣安地产,,房地产开发,
000518,四环生物,,生物制品,
000519,江南红箭,,新材料,
000520,*ST凤凰,,港口航运,
000521,美菱电器,,白色家电,
000523,广州浪奇,,化学制品,
000524,岭南控股,,酒店及餐饮,
000525,红 太 阳,3,化学制品,
000526,银润投资,,房地产开发,
000528,柳    工,3,专用设备,
000529,广弘控股,,综合,
000530,大冷股份,,通用设备,
000531,穗恒运Ａ,,电力,
000532,力合股份,,半导体及元件,
000533,万 家 乐,,白色家电,
000534,万泽股份,,房地产开发,
000536,华映科技,3,光学光电子,
000537,广宇发展,3,房地产开发,
000538,云南白药,3,中药,
000539,粤电力Ａ,3,电力,
000540,中天城投,3,房地产开发,
000541,佛山照明,3,其他电子,
000543,皖能电力,3,电力,
000544,中原环保,,燃气水务,
000545,金浦钛业,,基础化学,
000546,金圆股份,,建筑材料,
000547,闽福发Ａ,,通信设备,
000548,湖南投资,,公路铁路运输,
000550,江铃汽车,3,汽车整车,
000551,创元科技,3,专用设备,
000552,靖远煤电,3,煤炭开采,
000553,沙隆达Ａ,,化学制品,
000554,泰山石油,3,基础化学,
000555,神州信息,,计算机应用,
000557,*ST广夏,,饮料制造,
000558,莱茵置业,,房地产开发,
000559,万向钱潮,3,汽车零部件,
000560,昆百大Ａ,,零售,
000561,烽火电子,,通信设备,
000563,陕国投Ａ,3,保险及其他,
000564,西安民生,,零售,
000565,渝三峡Ａ,,化学制品,
000566,海南海药,3,化学制药,
000567,海德股份,,房地产开发,
000568,泸州老窖,3,饮料制造,
000570,苏常柴Ａ,,通用设备,
000571,新大洲Ａ,,煤炭开采,
000572,海马汽车,3,汽车整车,
000573,粤宏远Ａ,,房地产开发,
000576,广东甘化,,造纸,
000581,威孚高科,3,汽车零部件,
000582,北部湾港,,港口航运,
000584,友利控股,,化工合成材料,
000585,东北电气,,电气设备,
000586,汇源通信,,通信设备,
000587,金叶珠宝,,家用轻工,
000589,黔轮胎Ａ,,化工合成材料,
000590,*ST古汉,,中药,
000591,桐 君 阁,,医药商业,
000592,平潭发展,3,种植业与林业,
000593,大通燃气,,燃气水务,
000595,宝塔实业,,通用设备,
000596,古井贡酒,3,饮料制造,
000597,东北制药,,化学制药,
000598,兴蓉环境,3,燃气水务,
000599,青岛双星,,化工合成材料,
000600,建投能源,,电力,
000601,韶能股份,,电力,
000603,盛达矿业,,有色冶炼加工,
000605,渤海股份,,燃气水务,
000606,青海明胶,,中药,
000607,华媒控股,3,传媒,
000608,阳光股份,,房地产开发,
000609,绵世股份,,房地产开发,
000610,西安旅游,,景点及旅游,
000611,*ST蒙发,,综合,
000612,焦作万方,,有色冶炼加工,
000613,大东海A,,酒店及餐饮,
000615,湖北金环,,化工合成材料,
000616,海航投资,3,房地产开发,
000617,石油济柴,,通用设备,
000619,海螺型材,,建筑材料,
000620,新华联,,房地产开发,
000622,恒立实业,,汽车零部件,
000623,吉林敖东,3,中药,
000625,长安汽车,3,汽车整车,
000626,如意集团,,贸易,
000627,天茂集团,,化学制品,
000628,高新发展,,综合,
000629,攀钢钒钛,3,石油矿业开采,
000630,铜陵有色,3,有色冶炼加工,
000631,顺发恒业,3,房地产开发,
000632,三木集团,,综合,
000633,合金投资,,有色冶炼加工,
000635,英 力 特,,基础化学,
000636,风华高科,,半导体及元件,
000637,茂化实华,,基础化学,
000638,万方发展,,房地产开发,
000639,西王食品,,农产品加工,
000650,仁和药业,3,中药,
000651,格力电器,3,白色家电,
000652,泰达股份,,综合,
000655,金岭矿业,3,石油矿业开采,
000656,金科股份,,房地产开发,
000657,中钨高新,,有色冶炼加工,
000659,*ST中富,,包装印刷,
000661,长春高新,3,生物制品,
000662,索芙特,,化学制品,
000663,永安林业,,种植业与林业,
000665,湖北广电,,通信服务,
000666,经纬纺机,,保险及其他,
000667,美好集团,3,房地产开发,
000668,荣丰控股,,房地产开发,
000669,金鸿能源,,燃气水务,
000670,盈方微,,半导体及元件,
000671,阳 光 城,3,房地产开发,
000672,上峰水泥,,建筑材料,
000673,当代东方,,传媒,
000676,智度投资,,仪器仪表,
000677,*ST海龙,,化工合成材料,
000678,襄阳轴承,,汽车零部件,
000679,大连友谊,,房地产开发,
000680,山推股份,3,专用设备,
000681,视觉中国,,传媒,
000682,东方电子,,电气设备,
000683,远兴能源,,基础化学,
000685,中山公用,3,燃气水务,
000686,东北证券,3,证券,
000687,恒天天鹅,,化工合成材料,
000688,建新矿业,,有色冶炼加工,
000690,宝新能源,3,电力,
000691,亚太实业,,房地产开发,
000692,惠天热电,,电力,
000693,华泽钴镍,3,有色冶炼加工,
000695,滨海能源,,电力,
000697,炼石有色,3,有色冶炼加工,
000698,沈阳化工,,基础化学,
000700,模塑科技,,汽车零部件,
000701,厦门信达,,半导体及元件,
000702,正虹科技,,农产品加工,
000703,恒逸石化,,化工合成材料,
000705,浙江震元,,医药商业,
000707,双环科技,,基础化学,
000708,大冶特钢,,钢铁,
000709,河北钢铁,3,钢铁,
000710,天兴仪表,,汽车零部件,
000711,*ST京蓝,,综合,
000712,锦龙股份,3,证券,
000713,丰乐种业,,种植业与林业,
000715,中兴商业,,零售,
000716,黑芝麻,,食品加工制造,
000717,韶钢松山,,钢铁,
000718,苏宁环球,3,房地产开发,
000719,大地传媒,,传媒,
000720,新能泰山,,电力,
000721,西安饮食,,酒店及餐饮,
000722,湖南发展,,电力,
000723,美锦能源,,煤炭开采,
000725,京东方Ａ,3,光学光电子,
000726,鲁  泰Ａ,,纺织制造,
000727,华东科技,,光学光电子,
000728,国元证券,3,证券,
000729,燕京啤酒,3,饮料制造,
000731,四川美丰,3,化学制品,
000732,泰禾集团,3,房地产开发,
000733,振华科技,,半导体及元件,
000735,罗 牛 山,,养殖业,
000736,中房地产,,房地产开发,
000737,南风化工,,化学制品,
000738,中航动控,3,国防军工,
000739,普洛药业,3,化学制药,
000748,长城信息,3,计算机设备,
000750,国海证券,3,证券,
000751,锌业股份,,有色冶炼加工,
000752,西藏发展,,饮料制造,
000753,漳州发展,,交运设备服务,
000755,山西三维,,化工新材料,
000756,新华制药,,化学制药,
000757,浩物股份,,汽车零部件,
000758,中色股份,3,有色冶炼加工,
000759,中百集团,,零售,
000760,斯太尔,,汽车零部件,
000761,本钢板材,3,钢铁,
000762,西藏矿业,3,石油矿业开采,
000766,通化金马,,中药,
000767,漳泽电力,,电力,
000768,中航飞机,3,国防军工,
000776,广发证券,3,证券,
000777,中核科技,3,通用设备,
000778,新兴铸管,3,钢铁,
000779,三毛派神,,纺织制造,
000780,平庄能源,3,煤炭开采,
000782,美达股份,,化工合成材料,
000783,长江证券,3,证券,
000785,武汉中商,,零售,
000786,北新建材,3,建筑材料,
000788,北大医药,3,化学制药,
000789,万年青,3,建筑材料,
000790,华神集团,3,中药,
000791,甘肃电投,,电力,
000792,盐湖股份,3,化学制品,
000793,华闻传媒,3,传媒,
000795,太原刚玉,,新材料,
000796,易食股份,,食品加工制造,
000797,中国武夷,,房地产开发,
000798,中水渔业,,养殖业,
000799,*ST酒鬼,,饮料制造,
000800,一汽轿车,3,汽车整车,
000801,四川九洲,3,国防军工,
000802,北京文化,,传媒,
000803,金宇车城,,房地产开发,
000806,银河投资,,电气设备,
000807,云铝股份,3,有色冶炼加工,
000809,铁岭新城,,房地产开发,
000810,创维数字,,视听器材,
000811,烟台冰轮,3,通用设备,
000812,陕西金叶,3,包装印刷,
000813,天山纺织,,有色冶炼加工,
000815,*ST美利,,造纸,
000816,智慧农业,3,通用设备,
000818,方大化工,,化工新材料,
000819,岳阳兴长,,基础化学,
000820,金城股份,,造纸,
000821,京山轻机,,专用设备,
000822,山东海化,,基础化学,
000823,超声电子,3,半导体及元件,
000825,太钢不锈,3,钢铁,
000826,桑德环境,3,环保工程,
000828,东莞控股,,公路铁路运输,
000829,天音控股,3,零售,
000830,鲁西化工,3,化学制品,
000831,五矿稀土,3,有色冶炼加工,
000833,贵糖股份,,造纸,
000835,长城动漫,,传媒,
000836,鑫茂科技,,通信设备,
000837,秦川机床,,通用设备,
000838,国兴地产,,房地产开发,
000839,中信国安,3,综合,
000848,承德露露,3,饮料制造,
000850,华茂股份,,纺织制造,
000851,高鸿股份,3,通信设备,
000852,石化机械,,专用设备,
000856,冀东装备,,专用设备,
000858,五 粮 液,3,饮料制造,
000859,国风塑业,,化工合成材料,
000860,顺鑫农业,3,饮料制造,
000861,海印股份,,零售,
000862,银星能源,,电力,
000863,三湘股份,,房地产开发,
000868,安凯客车,3,汽车整车,
000869,张  裕Ａ,3,饮料制造,
000875,吉电股份,,电力,
000876,新 希 望,3,农产品加工,
000877,天山股份,3,建筑材料,
000878,云南铜业,3,有色冶炼加工,
000880,潍柴重机,,通用设备,
000881,大连国际,,综合,
000882,华联股份,,零售,
000883,湖北能源,3,电力,
000885,同力水泥,,建筑材料,
000886,海南高速,,房地产开发,
000887,中鼎股份,3,汽车零部件,
000888,峨眉山Ａ,,景点及旅游,
000889,茂业物流,,零售,
000890,法 尔 胜,,通用设备,
000892,*ST星美,,综合,
000893,东凌粮油,,农产品加工,
000895,双汇发展,3,食品加工制造,
000897,津滨发展,3,房地产开发,
000898,鞍钢股份,3,钢铁,
000899,赣能股份,,电力,
000900,现代投资,,公路铁路运输,
000901,航天科技,3,仪器仪表,
000902,新洋丰,,化学制品,
000903,云内动力,,汽车零部件,
000905,厦门港务,3,港口航运,
000906,物产中拓,,贸易,
000908,景峰医药,,化学制药,
000909,数源科技,,房地产开发,
000910,大亚科技,,家用轻工,
000911,南宁糖业,,农产品加工,
000912,*ST天化,,化学制品,
000913,钱江摩托,,非汽车交运,
000915,山大华特,3,化学制药,
000916,华北高速,,公路铁路运输,
000917,电广传媒,3,通信服务,
000918,嘉凯城,,房地产开发,
000919,金陵药业,,医疗器械服务,
000920,南方汇通,,非汽车交运,
000921,海信科龙,3,白色家电,
000922,佳电股份,,电气设备,
000923,河北宣工,,专用设备,
000925,众合科技,,非汽车交运,
000926,福星股份,3,房地产开发,
000927,*ST夏利,,汽车整车,
000928,中钢国际,,建筑装饰,
000929,兰州黄河,,饮料制造,
000930,中粮生化,3,农产品加工,
000931,中 关 村,,化学制药,
000932,华菱钢铁,,钢铁,
000933,神火股份,3,综合,
000935,四川双马,,建筑材料,
000936,华西股份,,化工合成材料,
000937,冀中能源,3,煤炭开采,
000938,紫光股份,3,计算机设备,
000939,凯迪电力,3,环保工程,
000948,南天信息,,计算机设备,
000949,新乡化纤,,化工合成材料,
000950,建峰化工,,化学制品,
000951,中国重汽,,汽车整车,
000952,广济药业,,化学制药,
000953,河池化工,,化学制品,
000955,欣龙控股,,纺织制造,
000957,中通客车,,汽车整车,
000958,东方能源,,电力,
000959,首钢股份,,钢铁,
000960,锡业股份,3,有色冶炼加工,
000961,中南建设,3,房地产开发,
000962,东方钽业,3,新材料,
000963,华东医药,3,医药商业,
000965,天保基建,,房地产开发,
000966,长源电力,,电力,
000967,上风高科,,电气设备,
000968,煤 气 化,3,煤炭开采,
000969,安泰科技,3,新材料,
000970,中科三环,3,新材料,
000971,蓝鼎控股,,纺织制造,
000972,新中基,,农产品加工,
000973,佛塑科技,3,化工合成材料,
000975,银泰资源,3,有色冶炼加工,
000976,*ST春晖,,化工合成材料,
000977,浪潮信息,3,计算机设备,
000978,桂林旅游,,景点及旅游,
000979,中弘股份,3,房地产开发,
000980,金马股份,,汽车零部件,
000981,银亿股份,,房地产开发,
000982,中银绒业,,纺织制造,
000983,西山煤电,3,煤炭开采,
000985,大庆华科,,化学制品,
000987,广州友谊,,零售,
000988,华工科技,3,其他电子,
000989,九 芝 堂,3,中药,
000990,诚志股份,,化学制品,
000993,闽东电力,,电力,
000995,*ST皇台,,饮料制造,
000996,中国中期,3,交运设备服务,
000997,新 大 陆,3,计算机设备,
000998,隆平高科,3,种植业与林业,
000999,华润三九,3,中药,
001696,宗申动力,,汽车零部件,
001896,豫能控股,,电力,
002001,新 和 成,3,化学制药,
002002,鸿达兴业,,基础化学,
002003,伟星股份,,纺织制造,
002004,华邦颖泰,3,化学制品,
002005,德豪润达,3,光学光电子,
002006,精功科技,,专用设备,
002007,华兰生物,3,生物制品,
002008,大族激光,3,其他电子,
002009,天奇股份,,专用设备,
002010,传化股份,,化学制品,
002011,盾安环境,3,白色家电,
002012,凯恩股份,,造纸,
002013,中航机电,,国防军工,
002014,永新股份,,包装印刷,
002015,*ST霞客,,化工合成材料,
002016,世荣兆业,3,房地产开发,
002017,东信和平,,通信设备,
002018,华信国际,,化学制品,
002019,亿帆鑫富,,医药商业,
002020,京新药业,,化学制药,
002021,中捷资源,,专用设备,
002022,科华生物,3,生物制品,
002023,海特高新,3,国防军工,
002024,苏宁云商,3,零售,
002025,航天电器,3,电子制造,
002026,山东威达,,通用设备,
002027,七喜控股,,计算机设备,
002028,思源电气,3,电气设备,
002029,七 匹 狼,3,服装家纺,
002030,达安基因,3,生物制品,
002031,巨轮股份,,通用设备,
002032,苏 泊 尔,,白色家电,
002033,丽江旅游,,景点及旅游,
002034,美 欣 达,,纺织制造,
002035,华帝股份,,白色家电,
002036,汉麻产业,,纺织制造,
002037,久联发展,,化学制品,
002038,双鹭药业,3,生物制品,
002039,黔源电力,,电力,
002040,南 京 港,,港口航运,
002041,登海种业,3,种植业与林业,
002042,华孚色纺,,纺织制造,
002043,兔 宝 宝,,建筑材料,
002044,江苏三友,,服装家纺,
002045,国光电器,,电子制造,
002046,轴研科技,,通用设备,
002047,宝鹰股份,,建筑装饰,
002048,宁波华翔,3,汽车零部件,
002049,同方国芯,3,半导体及元件,
002050,三花股份,3,白色家电,
002051,中工国际,3,建筑装饰,
002052,同洲电子,,视听器材,
002053,云南盐化,,基础化学,
002054,德美化工,,化学制品,
002055,得润电子,3,电子制造,
002056,横店东磁,3,其他电子,
002057,中钢天源,,新材料,
002058,威 尔 泰,,电气设备,
002059,云南旅游,,景点及旅游,
002060,粤 水 电,,建筑装饰,
002061,江山化工,,化工新材料,
002062,宏润建设,,建筑装饰,
002063,远光软件,3,计算机应用,
002064,华峰氨纶,3,化工合成材料,
002065,东华软件,3,计算机应用,
002066,瑞泰科技,,建筑材料,
002067,景兴纸业,3,造纸,
002068,黑猫股份,,化工合成材料,
002069,獐 子 岛,3,养殖业,
002070,众和股份,3,纺织制造,
002071,长城影视,,传媒,
002072,凯瑞德,,纺织制造,
002073,软控股份,3,专用设备,
002074,东源电器,,电气设备,
002075,沙钢股份,,钢铁,
002076,雪 莱 特,,其他电子,
002077,大港股份,,园区开发,
002078,太阳纸业,3,造纸,
002079,苏州固锝,3,半导体及元件,
002080,中材科技,,化工新材料,
002081,金 螳 螂,3,建筑装饰,
002082,栋梁新材,,建筑材料,
002083,孚日股份,,纺织制造,
002084,海鸥卫浴,,家用轻工,
002085,万丰奥威,,汽车零部件,
002086,东方海洋,,养殖业,
002087,新野纺织,,纺织制造,
002088,鲁阳股份,,建筑材料,
002089,新 海 宜,,通信设备,
002090,金智科技,,电气设备,
002091,江苏国泰,3,贸易,
002092,中泰化学,3,基础化学,
002093,国脉科技,3,通信设备,
002094,青岛金王,,家用轻工,
002095,生 意 宝,3,通信服务,
002096,南岭民爆,,化学制品,
002097,山河智能,,专用设备,
002098,浔兴股份,,纺织制造,
002099,海翔药业,,化学制药,
002100,天康生物,,农产品加工,
002101,广东鸿图,,汽车零部件,
002102,冠福股份,,贸易,
002103,广博股份,,包装印刷,
002104,恒宝股份,3,通信设备,
002105,信隆实业,,非汽车交运,
002106,莱宝高科,3,光学光电子,
002107,沃华医药,,中药,
002108,沧州明珠,3,化工合成材料,
002109,兴化股份,,化学制品,
002110,三钢闽光,,钢铁,
002111,威海广泰,,专用设备,
002112,三变科技,,电气设备,
002113,天润控股,,综合,
002114,罗平锌电,,有色冶炼加工,
002115,三维通信,,通信设备,
002116,中国海诚,,建筑装饰,
002117,东港股份,3,包装印刷,
002118,紫鑫药业,3,中药,
002119,康强电子,,半导体及元件,
002120,新海股份,,家用轻工,
002121,科陆电子,,电气设备,
002122,天马股份,,通用设备,
002123,荣信股份,,电气设备,
002124,天邦股份,,农产品加工,
002125,湘潭电化,,基础化学,
002126,银轮股份,,汽车零部件,
002127,新民科技,,化工合成材料,
002128,露天煤业,3,煤炭开采,
002129,中环股份,3,半导体及元件,
002130,沃尔核材,3,新材料,
002131,利欧股份,,综合,
002132,恒星科技,,通用设备,
002133,广宇集团,,房地产开发,
002134,天津普林,,半导体及元件,
002135,东南网架,,建筑装饰,
002136,安 纳 达,,化学制品,
002137,实 益 达,,光学光电子,
002138,顺络电子,3,半导体及元件,
002139,拓邦股份,,电子制造,
002140,东华科技,3,建筑装饰,
002141,蓉胜超微,,其他电子,
002142,宁波银行,3,银行,
002143,印纪传媒,,传媒,
002144,宏达高科,,纺织制造,
002145,中核钛白,,化学制品,
002146,荣盛发展,3,房地产开发,
002147,方圆支承,,通用设备,
002148,北纬通信,3,传媒,
002149,西部材料,,新材料,
002150,通润装备,,通用设备,
002151,北斗星通,3,国防军工,
002152,广电运通,3,计算机设备,
002153,石基信息,3,计算机应用,
002154,报 喜 鸟,3,服装家纺,
002155,湖南黄金,,有色冶炼加工,
002156,通富微电,,半导体及元件,
002157,正邦科技,,农产品加工,
002158,汉钟精机,3,通用设备,
002159,三特索道,,景点及旅游,
002160,常铝股份,,有色冶炼加工,
002161,远 望 谷,3,其他电子,
002162,斯米克,,建筑材料,
002163,中航三鑫,,建筑材料,
002164,宁波东力,,通用设备,
002165,红 宝 丽,,化工新材料,
002166,莱茵生物,,中药,
002167,东方锆业,,有色冶炼加工,
002168,深圳惠程,,电气设备,
002169,智光电气,,电气设备,
002170,芭田股份,,化学制品,
002171,楚江新材,,有色冶炼加工,
002172,澳洋科技,,化工合成材料,
002173,千足珍珠,,养殖业,
002174,游族网络,,传媒,
002175,东方网络,,仪器仪表,
002176,江特电机,3,电气设备,
002177,御银股份,,计算机设备,
002178,延华智能,,建筑装饰,
002179,中航光电,3,电子制造,
002180,艾派克,,半导体及元件,
002181,粤 传 媒,3,传媒,
002182,云海金属,,新材料,
002183,怡 亚 通,3,物流,
002184,海得控制,,电气设备,
002185,华天科技,3,半导体及元件,
002186,全 聚 德,,酒店及餐饮,
002187,广百股份,,零售,
002188,新 嘉 联,,电子制造,
002189,利达光电,,光学光电子,
002190,成飞集成,3,国防军工,
002191,劲嘉股份,3,包装印刷,
002192,*ST路翔,,基础化学,
002193,山东如意,,纺织制造,
002194,武汉凡谷,,通信设备,
002195,二三四五,,计算机应用,
002196,方正电机,,电气设备,
002197,证通电子,,计算机设备,
002198,嘉应制药,,中药,
002199,东晶电子,,半导体及元件,
002200,云投生态,,建筑装饰,
002201,九鼎新材,,化工新材料,
002202,金风科技,3,电气设备,
002203,海亮股份,3,有色冶炼加工,
002204,大连重工,3,通用设备,
002205,国统股份,,建筑材料,
002206,海 利 得,,化工合成材料,
002207,准油股份,,采掘服务,
002208,合肥城建,,房地产开发,
002209,达 意 隆,,专用设备,
002210,飞马国际,,物流,
002211,宏达新材,,化学制品,
002212,南洋股份,,电气设备,
002213,特 尔 佳,,汽车零部件,
002214,大立科技,,其他电子,
002215,诺 普 信,,化学制品,
002216,三全食品,,食品加工制造,
002217,合力泰,,光学光电子,
002218,拓日新能,,电气设备,
002219,恒康医疗,3,中药,
002220,天宝股份,,农产品加工,
002221,东华能源,3,基础化学,
002222,福晶科技,,半导体及元件,
002223,鱼跃医疗,3,医疗器械服务,
002224,三 力 士,,化工合成材料,
002225,濮耐股份,,建筑材料,
002226,江南化工,,化学制品,
002227,奥 特 迅,,电气设备,
002228,合兴包装,,包装印刷,
002229,鸿博股份,3,包装印刷,
002230,科大讯飞,3,计算机应用,
002231,奥维通信,,通信设备,
002232,启明信息,,计算机应用,
002233,塔牌集团,3,建筑材料,
002234,民和股份,,养殖业,
002235,安妮股份,,造纸,
002236,大华股份,3,计算机设备,
002237,恒邦股份,3,有色冶炼加工,
002238,天威视讯,,通信服务,
002239,奥特佳,,服装家纺,
002240,威华股份,,家用轻工,
002241,歌尔声学,3,电子制造,
002242,九阳股份,3,白色家电,
002243,通产丽星,,包装印刷,
002244,滨江集团,3,房地产开发,
002245,澳洋顺昌,,物流,
002246,北化股份,,化工新材料,
002247,帝龙新材,,家用轻工,
002248,华东数控,,通用设备,
002249,大洋电机,,电气设备,
002250,联化科技,3,化学制品,
002251,步 步 高,3,零售,
002252,上海莱士,3,生物制品,
002253,川大智胜,,计算机应用,
002254,泰和新材,,化工合成材料,
002255,海陆重工,,电气设备,
002256,彩虹精化,,化学制品,
002258,利尔化学,,化学制品,
002259,升达林业,,家用轻工,
002260,德奥通航,,白色家电,
002261,拓维信息,3,传媒,
002262,恩华药业,3,化学制药,
002263,大 东 南,,化工合成材料,
002264,新 华 都,,零售,
002265,西仪股份,,汽车零部件,
002266,浙富控股,3,电气设备,
002267,陕天然气,3,燃气水务,
002268,卫 士 通,3,计算机应用,
002269,美邦服饰,3,服装家纺,
002270,法因数控,,通用设备,
002271,东方雨虹,,建筑材料,
002272,川润股份,,通用设备,
002273,水晶光电,3,光学光电子,
002274,华昌化工,,化学制品,
002275,桂林三金,3,中药,
002276,万马股份,3,电气设备,
002277,友阿股份,3,零售,
002278,神开股份,,专用设备,
002279,久其软件,,计算机应用,
002280,联络互动,,传媒,
002281,光迅科技,3,通信设备,
002282,博深工具,,通用设备,
002283,天润曲轴,,汽车零部件,
002284,亚太股份,,汽车零部件,
002285,世联行,3,房地产开发,
002286,保龄宝,,农产品加工,
002287,奇正藏药,3,中药,
002288,超华科技,,半导体及元件,
002289,宇顺电子,,光学光电子,
002290,禾盛新材,,白色家电,
002291,星期六,,服装家纺,
002292,奥飞动漫,3,传媒,
002293,罗莱家纺,3,服装家纺,
002294,信立泰,3,化学制药,
002295,精艺股份,,有色冶炼加工,
002296,辉煌科技,,计算机应用,
002297,博云新材,,国防军工,
002298,鑫龙电器,,电气设备,
002299,圣农发展,3,养殖业,
002300,太阳电缆,,电气设备,
002301,齐心集团,,家用轻工,
002302,西部建设,,建筑材料,
002303,美盈森,,包装印刷,
002304,洋河股份,3,饮料制造,
002305,南国置业,,房地产开发,
002306,*ST云网,,酒店及餐饮,
002307,北新路桥,3,建筑装饰,
002308,威创股份,3,计算机设备,
002309,中利科技,,电气设备,
002310,东方园林,3,建筑装饰,
002311,海大集团,3,农产品加工,
002312,三泰控股,3,计算机设备,
002313,日海通讯,3,通信设备,
002314,雅致股份,,建筑材料,
002315,焦点科技,,通信服务,
002316,键桥通讯,,通信设备,
002317,众生药业,3,中药,
002318,久立特材,3,钢铁,
002319,乐通股份,,化学制品,
002320,海峡股份,,港口航运,
002321,华英农业,,养殖业,
002322,理工监测,,电气设备,
002323,中联电气,,建筑装饰,
002324,普利特,,化工合成材料,
002325,洪涛股份,3,建筑装饰,
002326,永太科技,,化学制品,
002327,富安娜,,服装家纺,
002328,新朋股份,,汽车零部件,
002329,皇氏集团,,食品加工制造,
002330,得利斯,,食品加工制造,
002331,皖通科技,,计算机应用,
002332,仙琚制药,,化学制药,
002333,罗普斯金,,建筑材料,
002334,英威腾,,电气设备,
002335,科华恒盛,,电气设备,
002336,人人乐,,零售,
002337,赛象科技,,专用设备,
002338,奥普光电,,仪器仪表,
002339,积成电子,,电气设备,
002340,格林美,3,新材料,
002341,新纶科技,,环保工程,
002342,巨力索具,,通用设备,
002343,禾欣股份,,化工合成材料,
002344,海宁皮城,3,零售,
002345,潮宏基,,家用轻工,
002346,柘中股份,,建筑材料,
002347,泰尔重工,,通用设备,
002348,高乐股份,,家用轻工,
002349,精华制药,,中药,
002350,北京科锐,,电气设备,
002351,漫步者,,电子制造,
002352,鼎泰新材,,通用设备,
002353,杰瑞股份,3,专用设备,
002354,天神娱乐,,传媒,
002355,兴民钢圈,3,汽车零部件,
002356,浩宁达,,电气设备,
002357,富临运业,,公交,
002358,森源电气,,电气设备,
002359,齐星铁塔,,电气设备,
002360,同德化工,,化学制品,
002361,神剑股份,,化学制品,
002362,汉王科技,,计算机应用,
002363,隆基机械,,汽车零部件,
002364,中恒电气,,电气设备,
002365,永安药业,,化学制药,
002366,丹甫股份,,电气设备,
002367,康力电梯,,专用设备,
002368,太极股份,3,计算机应用,
002369,卓翼科技,3,电子制造,
002370,亚太药业,,化学制药,
002371,七星电子,3,半导体及元件,
002372,伟星新材,,建筑材料,
002373,千方科技,,计算机应用,
002374,丽鹏股份,,包装印刷,
002375,亚厦股份,3,建筑装饰,
002376,新北洋,,计算机设备,
002377,国创高新,,基础化学,
002378,章源钨业,3,有色冶炼加工,
002379,鲁丰环保,,有色冶炼加工,
002380,科远股份,,计算机应用,
002381,双箭股份,,化工合成材料,
002382,蓝帆医疗,,化工合成材料,
002383,合众思壮,,计算机设备,
002384,东山精密,,电子制造,
002385,大北农,3,农产品加工,
002386,天原集团,,基础化学,
002387,黑牛食品,,饮料制造,
002388,新亚制程,,其他电子,
002389,南洋科技,,半导体及元件,
002390,信邦制药,,中药,
002391,长青股份,,化学制品,
002392,北京利尔,,建筑材料,
002393,力生制药,3,化学制药,
002394,联发股份,,纺织制造,
002395,双象股份,,化工合成材料,
002396,星网锐捷,3,通信设备,
002397,梦洁家纺,,服装家纺,
002398,建研集团,,建筑材料,
002399,海普瑞,3,化学制药,
002400,省广股份,3,传媒,
002401,中海科技,3,计算机应用,
002402,和而泰,,电子制造,
002403,爱仕达,,白色家电,
002404,嘉欣丝绸,,纺织制造,
002405,四维图新,3,计算机应用,
002406,远东传动,,汽车零部件,
002407,多氟多,3,化学制品,
002408,齐翔腾达,3,化工新材料,
002409,雅克科技,,化学制品,
002410,广联达,3,计算机应用,
002411,九九久,,化学制品,
002412,汉森制药,,中药,
002413,常发股份,,白色家电,
002414,高德红外,3,其他电子,
002415,海康威视,3,计算机设备,
002416,爱施德,3,零售,
002417,*ST元达,,通信设备,
002418,康盛股份,,白色家电,
002419,天虹商场,3,零售,
002420,毅昌股份,,视听器材,
002421,达实智能,,计算机应用,
002422,科伦药业,,化学制药,
002423,中原特钢,3,通用设备,
002424,贵州百灵,3,中药,
002425,凯撒股份,,服装家纺,
002426,胜利精密,,通用设备,
002427,尤夫股份,,化工合成材料,
002428,云南锗业,3,有色冶炼加工,
002429,兆驰股份,3,视听器材,
002430,杭氧股份,,专用设备,
002431,棕榈园林,3,建筑装饰,
002432,九安医疗,,医疗器械服务,
002433,太安堂,,中药,
002434,万里扬,,汽车零部件,
002435,长江润发,,专用设备,
002436,兴森科技,,半导体及元件,
002437,誉衡药业,3,化学制药,
002438,江苏神通,,通用设备,
002439,启明星辰,3,计算机应用,
002440,闰土股份,3,化学制品,
002441,众业达,,电气设备,
002442,龙星化工,,化工合成材料,
002443,金洲管道,,钢铁,
002444,巨星科技,3,通用设备,
002445,中南重工,,通用设备,
002446,盛路通信,,通信设备,
002447,壹桥海参,,养殖业,
002448,中原内配,,汽车零部件,
002449,国星光电,,光学光电子,
002450,康得新,3,化工合成材料,
002451,摩恩电气,,电气设备,
002452,长高集团,,电气设备,
002453,天马精化,,化学制品,
002454,松芝股份,,汽车零部件,
002455,百川股份,,化学制品,
002456,欧菲光,3,光学光电子,
002457,青龙管业,,建筑材料,
002458,益生股份,,养殖业,
002459,天业通联,,专用设备,
002460,赣锋锂业,3,有色冶炼加工,
002461,珠江啤酒,3,饮料制造,
002462,嘉事堂,,医药商业,
002463,沪电股份,,半导体及元件,
002464,金利科技,,化工合成材料,
002465,海格通信,3,通信设备,
002466,天齐锂业,,有色冶炼加工,
002467,二六三,3,通信服务,
002468,艾迪西,,建筑材料,
002469,三维工程,,建筑装饰,
002470,金正大,3,化学制品,
002471,中超电缆,,电气设备,
002472,双环传动,,汽车零部件,
002473,圣莱达,,白色家电,
002474,榕基软件,3,计算机应用,
002475,立讯精密,3,电子制造,
002476,宝莫股份,3,化学制品,
002477,雏鹰农牧,,养殖业,
002478,常宝股份,,钢铁,
002479,富春环保,,电力,
002480,新筑股份,,通用设备,
002481,双塔食品,,食品加工制造,
002482,广田股份,3,建筑装饰,
002483,润邦股份,,专用设备,
002484,江海股份,,半导体及元件,
002485,希努尔,,服装家纺,
002486,嘉麟杰,,服装家纺,
002487,大金重工,,通用设备,
002488,金固股份,,汽车零部件,
002489,浙江永强,,家用轻工,
002490,山东墨龙,3,专用设备,
002491,通鼎互联,,通信设备,
002492,恒基达鑫,,物流,
002493,荣盛石化,3,化工合成材料,
002494,华斯股份,,服装家纺,
002495,佳隆股份,,食品加工制造,
002496,辉丰股份,,化学制品,
002497,雅化集团,,化学制品,
002498,汉缆股份,,电气设备,
002499,科林环保,,专用设备,
002500,山西证券,3,证券,
002501,利源精制,3,有色冶炼加工,
002502,骅威股份,,家用轻工,
002503,搜于特,,服装家纺,
002504,弘高创意,,建筑装饰,
002505,大康牧业,,养殖业,
002506,协鑫集成,,电气设备,
002507,涪陵榨菜,,食品加工制造,
002508,老板电器,3,白色家电,
002509,天广消防,,专用设备,
002510,天汽模,,通用设备,
002511,中顺洁柔,,造纸,
002512,达华智能,,计算机应用,
002513,蓝丰生化,,化学制品,
002514,宝馨科技,,通用设备,
002515,金字火腿,,食品加工制造,
002516,江苏旷达,,纺织制造,
002517,泰亚股份,,纺织制造,
002518,科士达,3,电气设备,
002519,银河电子,,视听器材,
002520,日发精机,,通用设备,
002521,齐峰新材,,造纸,
002522,浙江众成,,包装印刷,
002523,天桥起重,,专用设备,
002524,光正集团,3,建筑装饰,
002526,山东矿机,,专用设备,
002527,新时达,,电气设备,
002528,英飞拓,,计算机设备,
002529,海源机械,,专用设备,
002530,丰东股份,,通用设备,
002531,天顺风能,,电气设备,
002532,新界泵业,,通用设备,
002533,金杯电工,,电气设备,
002534,杭锅股份,,电气设备,
002535,林州重机,,专用设备,
002536,西泵股份,,汽车零部件,
002537,海立美达,,通用设备,
002538,司尔特,,化学制品,
002539,新都化工,,化学制品,
002540,亚太科技,,有色冶炼加工,
002541,鸿路钢构,,建筑装饰,
002542,中化岩土,,建筑装饰,
002543,万和电气,,白色家电,
002544,杰赛科技,,通信设备,
002545,东方铁塔,,建筑装饰,
002546,新联电子,,电气设备,
002547,春兴精工,,电子制造,
002548,金新农,,农产品加工,
002549,凯美特气,,化学制品,
002550,千红制药,,化学制药,
002551,尚荣医疗,,医疗器械服务,
002552,宝鼎重工,,通用设备,
002553,南方轴承,,汽车零部件,
002554,惠博普,,采掘服务,
002555,顺荣三七,,汽车零部件,
002556,辉隆股份,3,化学制品,
002557,洽洽食品,,食品加工制造,
002558,世纪游轮,,景点及旅游,
002559,亚威股份,,通用设备,
002560,通达股份,,电气设备,
002561,徐家汇,,零售,
002562,兄弟科技,,化学制品,
002563,森马服饰,,服装家纺,
002564,天沃科技,,专用设备,
002565,上海绿新,,包装印刷,
002566,益盛药业,,中药,
002567,唐人神,,农产品加工,
002568,百润股份,,食品加工制造,
002569,步森股份,,服装家纺,
002570,贝因美,3,食品加工制造,
002571,德力股份,3,家用轻工,
002572,索菲亚,,家用轻工,
002573,清新环境,3,环保工程,
002574,明牌珠宝,3,家用轻工,
002575,群兴玩具,,家用轻工,
002576,通达动力,,电气设备,
002577,雷柏科技,3,计算机设备,
002578,闽发铝业,,有色冶炼加工,
002579,中京电子,3,半导体及元件,
002580,圣阳股份,,电气设备,
002581,万昌科技,,化学制品,
002582,好想你,,食品加工制造,
002583,海能达,,通信设备,
002584,西陇化工,,化学制品,
002585,双星新材,,包装印刷,
002586,围海股份,,建筑装饰,
002587,奥拓电子,,光学光电子,
002588,史丹利,,化学制品,
002589,瑞康医药,,医药商业,
002590,万安科技,,汽车零部件,
002591,恒大高新,,化学制品,
002592,八菱科技,,汽车零部件,
002593,日上集团,,汽车零部件,
002594,比亚迪,3,汽车整车,
002595,豪迈科技,,通用设备,
002596,海南瑞泽,,建筑材料,
002597,金禾实业,,化学制品,
002598,山东章鼓,,通用设备,
002599,盛通股份,,包装印刷,
002600,江粉磁材,,新材料,
002601,佰利联,,化学制品,
002602,世纪华通,,汽车零部件,
002603,以岭药业,3,中药,
002604,龙力生物,,农产品加工,
002605,姚记扑克,,家用轻工,
002606,大连电瓷,,电气设备,
002607,亚夏汽车,,交运设备服务,
002608,*ST舜船,,国防军工,
002609,捷顺科技,,计算机应用,
002610,爱康科技,,电气设备,
002611,东方精工,,专用设备,
002612,朗姿股份,,服装家纺,
002613,北玻股份,,专用设备,
002614,蒙发利,,白色家电,
002615,哈尔斯,,家用轻工,
002616,长青集团,,白色家电,
002617,露笑科技,,电气设备,
002618,丹邦科技,,半导体及元件,
002619,巨龙管业,,建筑材料,
002620,瑞和股份,,建筑装饰,
002621,大连三垒,,专用设备,
002622,永大集团,,电气设备,
002623,亚玛顿,,建筑材料,
002624,完美环球,,传媒,
002625,龙生股份,,汽车零部件,
002626,金达威,,化学制药,
002627,宜昌交运,,公交,
002628,成都路桥,,建筑装饰,
002629,仁智油服,,采掘服务,
002630,华西能源,,电气设备,
002631,德尔家居,,家用轻工,
002632,道明光学,,化学制品,
002633,*ST申科,,通用设备,
002634,棒杰股份,,服装家纺,
002635,安洁科技,,电子制造,
002636,金安国纪,,半导体及元件,
002637,赞宇科技,,化学制品,
002638,勤上光电,,光学光电子,
002639,雪人股份,,通用设备,
002640,跨境通,,通信服务,
002641,永高股份,,建筑材料,
002642,荣之联,3,计算机应用,
002643,万润股份,,化学制品,
002644,佛慈制药,,中药,
002645,华宏科技,,专用设备,
002646,青青稞酒,3,饮料制造,
002647,宏磊股份,,通用设备,
002648,卫星石化,3,基础化学,
002649,博彦科技,,计算机应用,
002650,加加食品,,食品加工制造,
002651,利君股份,,专用设备,
002652,扬子新材,,建筑材料,
002653,海思科,3,化学制药,
002654,万润科技,,光学光电子,
002655,共达电声,,电子制造,
002656,卡奴迪路,,服装家纺,
002657,中科金财,,计算机应用,
002658,雪迪龙,,仪器仪表,
002659,中泰桥梁,,建筑装饰,
002660,茂硕电源,,电子制造,
002661,克明面业,,食品加工制造,
002662,京威股份,,汽车零部件,
002663,普邦园林,,建筑装饰,
002664,信质电机,,汽车零部件,
002665,首航节能,,电气设备,
002666,德联集团,,化学制品,
002667,鞍重股份,,专用设备,
002668,奥马电器,,白色家电,
002669,康达新材,,化学制品,
002670,华声股份,,白色家电,
002671,龙泉股份,,建筑材料,
002672,东江环保,,环保工程,
002673,西部证券,3,证券,
002674,兴业科技,,纺织制造,
002675,东诚药业,,化学制药,
002676,顺威股份,,白色家电,
002677,浙江美大,,白色家电,
002678,珠江钢琴,,家用轻工,
002679,福建金森,,种植业与林业,
002680,黄海机械,,专用设备,
002681,奋达科技,3,白色家电,
002682,龙洲股份,,交运设备服务,
002683,宏大爆破,,化学制品,
002684,猛狮科技,,汽车零部件,
002685,华东重机,,专用设备,
002686,亿利达,,通用设备,
002687,乔治白,,服装家纺,
002688,金河生物,,农业服务,
002689,博林特,,专用设备,
002690,美亚光电,,专用设备,
002691,冀凯股份,,专用设备,
002692,远程电缆,,电气设备,
002693,双成药业,,化学制药,
002694,顾地科技,,建筑材料,
002695,煌上煌,,食品加工制造,
002696,百洋股份,,养殖业,
002697,红旗连锁,,零售,
002698,博实股份,,专用设备,
002699,美盛文化,,服装家纺,
002700,新疆浩源,,燃气水务,
002701,奥瑞金,3,包装印刷,
002702,海欣食品,,食品加工制造,
002703,浙江世宝,,汽车零部件,
002705,新宝股份,,白色家电,
002706,良信电器,,电气设备,
002707,众信旅游,,景点及旅游,
002708,光洋股份,,汽车零部件,
002709,天赐材料,,化学制品,
002710,慈铭体检,,医疗器械服务,
002711,欧浦钢网,,物流,
002712,思美传媒,,传媒,
002713,东易日盛,,建筑装饰,
002714,牧原股份,,养殖业,
002715,登云股份,,汽车零部件,
002716,金贵银业,,有色冶炼加工,
002717,岭南园林,,建筑装饰,
002718,友邦吊顶,,建筑材料,
002719,麦趣尔,,食品加工制造,
002720,宏良股份,,纺织制造,
002721,金一文化,,家用轻工,
002722,金轮股份,,专用设备,
002723,金莱特,,白色家电,
002724,海洋王,,其他电子,
002725,跃岭股份,,汽车零部件,
002726,龙大肉食,,食品加工制造,
002727,一心堂,,医药商业,
002728,台城制药,,中药,
002729,好利来,,其他电子,
002730,电光科技,,专用设备,
002731,萃华珠宝,,家用轻工,
002732,燕塘乳业,,食品加工制造,
002733,雄韬股份,,电气设备,
002734,利民股份,,化学制品,
002735,王子新材,,包装印刷,
002736,国信证券,,证券,
002737,葵花药业,,中药,
002738,中矿资源,,采掘服务,
002739,万达院线,,传媒,
002740,爱迪尔,,家用轻工,
002741,光华科技,,化学制品,
002742,三圣特材,,建筑材料,
002743,富煌钢构,,建筑装饰,
002745,木林森,,光学光电子,
002746,仙坛股份,,养殖业,
002747,埃斯顿,,通用设备,
002748,世龙实业,,化学制品,
002749,国光股份,,化学制品,
002750,龙津药业,,中药,
002751,易尚展示,,家用轻工,
002752,N兴股份,,包装印刷,
002753,永东股份,,化工合成材料,
002755,东方新星,,建筑装饰,
002756,永兴特钢,,钢铁,
002757,南兴装备,,专用设备,
002758,华通医药,,医药商业,
002759,天际股份,,白色家电,
002760,凤形股份,,通用设备,
002761,多喜爱,,服装家纺,
002762,金发拉比,,服装家纺,
002763,汇洁股份,,服装家纺,
002765,蓝黛传动,,汽车零部件,
002766,索菱股份,,计算机应用,
002767,先锋电子,,电气设备,
002768,国恩股份,,化工合成材料,
002769,普路通,,物流,
002770,科迪乳业,,食品加工制造,
002771,真视通,,计算机应用,
002772,众兴菌业,,种植业与林业,
002773,康弘药业,,化学制药,
002775,文科园林,,建筑装饰,
002776,柏堡龙,,服装家纺,
002777,久远银海,,计算机应用,
002778,高科石化,,基础化学,
002779,中坚科技,,专用设备,
002780,三夫户外,,零售,
002781,奇信股份,,建筑装饰,
002782,可立克,,电气设备,
002783,凯龙股份,,化学制品,
002785,万里石,,建筑装饰,
002786,银宝山新,,通用设备,
002787,华源包装,,包装印刷,
300001,特锐德,3,电气设备,
300002,神州泰岳,3,计算机应用,
300003,乐普医疗,3,医疗器械服务,
300004,南风股份,,专用设备,
300005,探路者,3,服装家纺,
300006,莱美药业,,化学制药,
300007,汉威电子,,仪器仪表,
300008,上海佳豪,,国防军工,
300009,安科生物,,生物制品,
300010,立思辰,3,计算机应用,
300011,鼎汉技术,,电气设备,
300012,华测检测,,综合,
300013,新宁物流,,物流,
300014,亿纬锂能,3,其他电子,
300015,爱尔眼科,3,医疗器械服务,
300016,北陆药业,,化学制药,
300017,网宿科技,3,通信设备,
300018,中元华电,,电气设备,
300019,硅宝科技,,化学制品,
300020,银江股份,3,计算机应用,
300021,大禹节水,,农业服务,
300022,吉峰农机,,零售,
300023,宝德股份,,专用设备,
300024,机器人,3,通用设备,
300025,华星创业,,通信设备,
300026,红日药业,3,化学制药,
300027,华谊兄弟,3,传媒,
300028,金亚科技,,通信设备,
300029,天龙光电,,电气设备,
300030,阳普医疗,,医疗器械服务,
300031,宝通科技,,化工合成材料,
300032,金龙机电,,光学光电子,
300033,同花顺,,计算机应用,
300034,钢研高纳,3,通用设备,
300035,中科电气,,专用设备,
300036,超图软件,,计算机应用,
300037,新宙邦,,化学制品,
300038,梅泰诺,,通信设备,
300039,上海凯宝,3,中药,
300040,九洲电气,,电气设备,
300041,回天新材,,化学制品,
300042,朗科科技,,计算机设备,
300043,互动娱乐,,传媒,
300044,赛为智能,,计算机应用,
300045,华力创通,,计算机设备,
300046,台基股份,,半导体及元件,
300047,天源迪科,,计算机应用,
300048,合康变频,,电气设备,
300049,福瑞股份,,中药,
300050,世纪鼎利,,通信设备,
300051,三五互联,,计算机应用,
300052,中青宝,3,通信服务,
300053,欧比特,3,半导体及元件,
300054,鼎龙股份,,化学制品,
300055,万邦达,3,环保工程,
300056,三维丝,,环保工程,
300057,万顺股份,,包装印刷,
300058,蓝色光标,3,传媒,
300059,东方财富,3,传媒,
300061,康耐特,,家用轻工,
300062,中能电气,,电气设备,
300063,天龙集团,,化学制品,
300064,豫金刚石,,通用设备,
300065,海兰信,3,计算机设备,
300066,三川股份,,仪器仪表,
300067,安诺其,,化学制品,
300068,南都电源,,电气设备,
300069,金利华电,,电气设备,
300070,碧水源,3,环保工程,
300071,华谊嘉信,,传媒,
300072,三聚环保,3,化学制品,
300073,当升科技,,化学制品,
300074,华平股份,3,计算机应用,
300075,数字政通,,计算机应用,
300076,GQY视讯,,光学光电子,
300077,国民技术,3,半导体及元件,
300078,中瑞思创,,其他电子,
300079,数码视讯,3,计算机应用,
300080,新大新材,,通用设备,
300081,恒信移动,,通信设备,
300082,奥克股份,,化学制品,
300083,劲胜精密,,电子制造,
300084,海默科技,,专用设备,
300085,银之杰,,计算机应用,
300086,康芝药业,,化学制药,
300087,荃银高科,,种植业与林业,
300088,长信科技,3,光学光电子,
300089,长城集团,,家用轻工,
300090,盛运环保,3,环保工程,
300091,金通灵,,通用设备,
300092,科新机电,,通用设备,
300093,金刚玻璃,3,建筑材料,
300094,国联水产,,养殖业,
300095,华伍股份,,通用设备,
300096,易联众,,计算机应用,
300097,智云股份,,通用设备,
300098,高新兴,,通信设备,
300099,尤洛卡,,专用设备,
300100,双林股份,,汽车零部件,
300101,振芯科技,,国防军工,
300102,乾照光电,,光学光电子,
300103,达刚路机,,专用设备,
300104,乐视网,3,通信服务,
300105,龙源技术,,电气设备,
300106,西部牧业,,养殖业,
300107,建新股份,,化学制品,
300108,双龙股份,,中药,
300109,新开源,,化学制品,
300110,华仁药业,,化学制药,
300111,向日葵,,电气设备,
300112,万讯自控,,仪器仪表,
300113,顺网科技,,通信服务,
300114,中航电测,,仪器仪表,
300115,长盈精密,3,电子制造,
300116,坚瑞消防,,专用设备,
300117,嘉寓股份,,建筑材料,
300118,东方日升,,电气设备,
300119,瑞普生物,,农业服务,
300120,经纬电材,,电气设备,
300121,阳谷华泰,,化工合成材料,
300122,智飞生物,3,生物制品,
300123,太阳鸟,,国防军工,
300124,汇川技术,3,电气设备,
300125,易世达,,环保工程,
300126,锐奇股份,,通用设备,
300127,银河磁体,,新材料,
300128,锦富新材,3,光学光电子,
300129,泰胜风能,,电气设备,
300130,新国都,,计算机设备,
300131,英唐智控,,电子制造,
300132,青松股份,,化学制品,
300133,华策影视,3,传媒,
300134,大富科技,3,通信设备,
300135,宝利国际,,基础化学,
300136,信维通信,,电子制造,
300137,先河环保,,环保工程,
300138,晨光生物,,农产品加工,
300139,福星晓程,,半导体及元件,
300140,启源装备,,电气设备,
300141,和顺电气,,电气设备,
300142,沃森生物,,生物制品,
300143,星河生物,,种植业与林业,
300144,宋城演艺,,景点及旅游,
300145,南方泵业,,通用设备,
300146,汤臣倍健,3,食品加工制造,
300147,香雪制药,3,中药,
300148,天舟文化,,传媒,
300149,量子高科,,农产品加工,
300150,世纪瑞尔,,计算机应用,
300151,昌红科技,,通用设备,
300152,燃控科技,3,环保工程,
300153,科泰电源,,电气设备,
300154,瑞凌股份,,通用设备,
300155,安居宝,,计算机设备,
300156,神雾环保,,环保工程,
300157,恒泰艾普,3,采掘服务,
300158,振东制药,,中药,
300159,新研股份,,专用设备,
300160,秀强股份,,白色家电,
300161,华中数控,,通用设备,
300162,雷曼光电,,光学光电子,
300163,先锋新材,,化学制品,
300164,通源石油,,采掘服务,
300165,天瑞仪器,,仪器仪表,
300166,东方国信,,计算机应用,
300167,迪威视讯,,计算机应用,
300168,万达信息,3,计算机应用,
300169,天晟新材,,化学制品,
300170,汉得信息,3,计算机应用,
300171,东富龙,,医疗器械服务,
300172,中电环保,,环保工程,
300173,智慧松德,,专用设备,
300174,元力股份,,化学制品,
300175,朗源股份,,农产品加工,
300176,鸿特精密,,汽车零部件,
300177,中海达,,计算机设备,
300178,腾邦国际,,景点及旅游,
300179,四方达,,通用设备,
300180,华峰超纤,,化工合成材料,
300181,佐力药业,,中药,
300182,捷成股份,,计算机应用,
300183,东软载波,,半导体及元件,
300184,力源信息,,其他电子,
300185,通裕重工,,通用设备,
300186,大华农,,农业服务,
300187,永清环保,,环保工程,
300188,美亚柏科,,计算机应用,
300189,神农大丰,,种植业与林业,
300190,维尔利,,环保工程,
300191,潜能恒信,3,采掘服务,
300192,科斯伍德,,化学制品,
300193,佳士科技,,通用设备,
300194,福安药业,,化学制药,
300195,长荣股份,,专用设备,
300196,长海股份,,化工新材料,
300197,铁汉生态,,建筑装饰,
300198,纳川股份,,建筑材料,
300199,翰宇药业,3,化学制药,
300200,高盟新材,,化工新材料,
300201,海伦哲,,专用设备,
300202,聚龙股份,3,计算机设备,
300203,聚光科技,3,环保工程,
300204,舒泰神,,生物制品,
300205,天喻信息,3,通信设备,
300206,理邦仪器,,医疗器械服务,
300207,欣旺达,,电子制造,
300208,恒顺众N,,电气设备,
300209,天泽信息,,计算机应用,
300210,森远股份,,专用设备,
300211,亿通科技,,通信设备,
300212,易华录,3,计算机应用,
300213,佳讯飞鸿,,通信设备,
300214,日科化学,,化学制品,
300215,电科院,,电气设备,
300216,千山药机,3,医疗器械服务,
300217,东方电热,,白色家电,
300218,安利股份,,化工合成材料,
300219,鸿利光电,,光学光电子,
300220,金运激光,,其他电子,
300221,银禧科技,,化工合成材料,
300222,科大智能,,电气设备,
300223,北京君正,,半导体及元件,
300224,正海磁材,,新材料,
300225,金力泰,,化学制品,
300226,上海钢联,3,通信服务,
300227,光韵达,,电子制造,
300228,富瑞特装,3,通用设备,
300229,拓尔思,,计算机应用,
300230,永利带业,,化工合成材料,
300231,银信科技,,计算机应用,
300232,洲明科技,,光学光电子,
300233,金城医药,,化学制药,
300234,开尔新材,,建筑材料,
300235,方直科技,,计算机应用,
300236,上海新阳,,化学制品,
300237,美晨科技,,汽车零部件,
300238,冠昊生物,,医疗器械服务,
300239,东宝生物,,生物制品,
300240,飞力达,,物流,
300241,瑞丰光电,,光学光电子,
300242,明家科技,,电气设备,
300243,瑞丰高材,,化学制品,
300244,迪安诊断,,医疗器械服务,
300245,天玑科技,,计算机应用,
300246,宝莱特,,医疗器械服务,
300247,桑乐金,,白色家电,
300248,新开普,,计算机应用,
300249,依米康,,白色家电,
300250,初灵信息,,通信设备,
300251,光线传媒,3,传媒,
300252,金信诺,,通信设备,
300253,卫宁软件,3,计算机应用,
300254,仟源医药,,化学制药,
300255,常山药业,,化学制药,
300256,星星科技,,电子制造,
300257,开山股份,3,通用设备,
300258,精锻科技,,汽车零部件,
300259,新天科技,,仪器仪表,
300260,新莱应材,,通用设备,
300261,雅本化学,,化学制品,
300262,巴安水务,,环保工程,
300263,隆华节能,,通用设备,
300264,佳创视讯,,计算机应用,
300265,通光线缆,,电气设备,
300266,兴源环境,,通用设备,
300267,尔康制药,,化学制药,
300268,万福生科,,农产品加工,
300269,联建光电,,光学光电子,
300270,中威电子,,计算机设备,
300271,华宇软件,,计算机应用,
300272,开能环保,,白色家电,
300273,和佳股份,3,医疗器械服务,
300274,阳光电源,3,电气设备,
300275,梅安森,,专用设备,
300276,三丰智能,,专用设备,
300277,海联讯,,计算机应用,
300278,华昌达,,通用设备,
300279,和晶科技,,电子制造,
300280,南通锻压,,通用设备,
300281,金明精机,,专用设备,
300282,汇冠股份,,电子制造,
300283,温州宏丰,,电气设备,
300284,苏交科,,建筑装饰,
300285,国瓷材料,,基础化学,
300286,安科瑞,,电气设备,
300287,飞利信,,计算机应用,
300288,朗玛信息,,传媒,
300289,利德曼,,生物制品,
300290,荣科科技,,计算机应用,
300291,华录百纳,,传媒,
300292,吴通通讯,,通信设备,
300293,蓝英装备,,专用设备,
300294,博雅生物,,生物制品,
300295,三六五网,,通信服务,
300296,利亚德,,光学光电子,
300297,蓝盾股份,,计算机应用,
300298,三诺生物,,医疗器械服务,
300299,富春通信,,通信设备,
300300,汉鼎股份,,计算机应用,
300301,长方照明,,光学光电子,
300302,同有科技,,计算机设备,
300303,聚飞光电,,光学光电子,
300304,云意电气,,汽车零部件,
300305,裕兴股份,,化工合成材料,
300306,远方光电,,仪器仪表,
300307,慈星股份,,专用设备,
300308,中际装备,,电气设备,
300309,吉艾科技,,专用设备,
300310,宜通世纪,,通信设备,
300311,任子行,,计算机应用,
300312,邦讯技术,,通信设备,
300313,天山生物,,养殖业,
300314,戴维医疗,,医疗器械服务,
300315,掌趣科技,3,传媒,
300316,晶盛机电,,电气设备,
300317,珈伟股份,,光学光电子,
300318,博晖创新,,医疗器械服务,
300319,麦捷科技,,半导体及元件,
300320,海达股份,,化工合成材料,
300321,同大股份,,化工合成材料,
300322,硕贝德,,电子制造,
300323,华灿光电,,光学光电子,
300324,旋极信息,,计算机应用,
300325,德威新材,,化工合成材料,
300326,凯利泰,,医疗器械服务,
300327,中颖电子,,半导体及元件,
300328,宜安科技,,电子制造,
300329,海伦钢琴,,家用轻工,
300330,华虹计通,,计算机应用,
300331,苏大维格,,光学光电子,
300332,天壕节能,,环保工程,
300333,兆日科技,,计算机设备,
300334,津膜科技,,环保工程,
300335,迪森股份,,环保工程,
300336,新文化,,传媒,
300337,银邦股份,,有色冶炼加工,
300338,开元仪器,,仪器仪表,
300339,润和软件,,计算机应用,
300340,科恒股份,,其他电子,
300341,麦迪电气,,电气设备,
300342,天银机电,,白色家电,
300343,联创节能,,化工新材料,
300344,太空板业,,建筑材料,
300345,红宇新材,,通用设备,
300346,南大光电,,光学光电子,
300347,泰格医药,,医疗器械服务,
300348,长亮科技,,计算机应用,
300349,金卡股份,,仪器仪表,
300350,华鹏飞,,物流,
300351,永贵电器,,非汽车交运,
300352,北信源,,计算机应用,
300353,东土科技,,通信设备,
300354,东华测试,,仪器仪表,
300355,蒙草抗旱,3,建筑装饰,
300356,光一科技,,电气设备,
300357,我武生物,,生物制品,
300358,楚天科技,,医疗器械服务,
300359,全通教育,,传媒,
300360,炬华科技,,电气设备,
300361,奥赛康,,化学制药,
300362,天保重装,,电气设备,
300363,博腾股份,,化学制药,
300364,中文在线,,传媒,
300365,恒华科技,,计算机应用,
300366,创意信息,,计算机应用,
300367,东方网力,,计算机设备,
300368,汇金股份,,计算机设备,
300369,绿盟科技,,计算机应用,
300370,安控科技,,采掘服务,
300371,汇中股份,,仪器仪表,
300372,欣泰电气,,电气设备,
300373,扬杰科技,,半导体及元件,
300374,恒通科技,,建筑材料,
300375,鹏翎股份,,汽车零部件,
300376,易事特,,电气设备,
300377,赢时胜,,计算机应用,
300378,鼎捷软件,,计算机应用,
300379,东方通,,计算机应用,
300380,安硕信息,,计算机应用,
300381,溢多利,,生物制品,
300382,斯莱克,,专用设备,
300383,光环新网,,通信服务,
300384,三联虹普,,计算机应用,
300385,雪浪环境,,专用设备,
300386,飞天诚信,,计算机设备,
300387,富邦股份,,化学制品,
300388,国祯环保,,燃气水务,
300389,艾比森,,光学光电子,
300390,天华超净,,其他电子,
300391,康跃科技,,通用设备,
300392,腾信股份,,传媒,
300393,中来股份,,电气设备,
300394,天孚通信,,半导体及元件,
300395,菲利华,,新材料,
300396,迪瑞医疗,,医疗器械服务,
300397,天和防务,,仪器仪表,
300398,飞凯材料,,化学制品,
300399,京天利,,计算机应用,
300400,劲拓股份,,通用设备,
300401,花园生物,,化学制药,
300402,宝色股份,,专用设备,
300403,地尔汉宇,,白色家电,
300404,博济医药,,医疗器械服务,
300405,科隆精化,,化学制品,
300406,九强生物,,生物制品,
300407,凯发电气,,电气设备,
300408,三环集团,,半导体及元件,
300409,道氏技术,,化学制品,
300410,正业科技,,其他电子,
300411,金盾股份,,专用设备,
300412,迦南科技,,医疗器械服务,
300413,快乐购,,零售,
300414,中光防雷,,电气设备,
300415,伊之密,,专用设备,
300416,苏试试验,,仪器仪表,
300417,南华仪器,,仪器仪表,
300418,昆仑万维,,传媒,
300419,浩丰科技,,计算机应用,
300420,五洋科技,,通用设备,
300421,力星股份,,通用设备,
300422,博世科,,环保工程,
300423,鲁亿通,,电气设备,
300424,航新科技,,国防军工,
300425,环能科技,,环保工程,
300426,唐德影视,,传媒,
300427,红相电力,,电气设备,
300428,四通新材,,新材料,
300429,强力新材,,化学制品,
300430,诚益通,,通用设备,
300431,暴风科技,,通信服务,
300432,富临精工,,汽车零部件,
300433,蓝思科技,,电子制造,
300434,金石东方,,专用设备,
300435,中泰股份,,通用设备,
300436,广生堂,,生物制品,
300437,清水源,,化学制品,
300438,鹏辉能源,,其他电子,
300439,美康生物,,生物制品,
300440,运达科技,,计算机应用,
300441,鲍斯股份,,通用设备,
300442,普丽盛,,专用设备,
300443,金雷风电,,通用设备,
300444,双杰电气,,电气设备,
300445,康斯特,,仪器仪表,
300446,乐凯新材,,半导体及元件,
300447,全信股份,,电气设备,
300448,浩云科技,,计算机应用,
300449,汉邦高科,,计算机设备,
300450,先导股份,,通用设备,
300451,创业软件,,计算机应用,
300452,山河药辅,,化学制药,
300453,三鑫医疗,,医疗器械服务,
300455,康拓红外,,计算机应用,
300456,耐威科技,,国防军工,
300457,赢合科技,,专用设备,
300458,全志科技,,半导体及元件,
300459,浙江金科,,化学制品,
300460,惠伦晶体,,半导体及元件,
300461,田中精机,,专用设备,
300462,华铭智能,,计算机设备,
300463,迈克生物,,生物制品,
300464,星徽精密,,通用设备,
300465,高伟达,,计算机应用,
300466,赛摩电气,,电气设备,
300467,迅游科技,,通信设备,
300468,四方精创,,计算机应用,
300469,信息发展,,计算机应用,
300470,日机密封,,通用设备,
300471,厚普股份,,专用设备,
300472,新元科技,,专用设备,
300473,德尔股份,,汽车零部件,
300475,聚隆科技,,白色家电,
300476,胜宏科技,,半导体及元件,
300477,合纵科技,,电气设备,
300478,杭州高新,,化工合成材料,
300479,神思电子,,计算机设备,
300480,光力科技,,专用设备,
300481,濮阳惠成,,化学制品,
300482,万孚生物,,生物制品,
300483,沃施股份,,专用设备,
300485,赛升药业,,化学制药,
300486,东杰智能,,专用设备,
300487,蓝晓科技,,化学制品,
300488,恒锋工具,,通用设备,
300489,中飞股份,,新材料,
300490,华自科技,,计算机应用,
300491,通合科技,,电气设备,
300492,山鼎设计,,建筑装饰,
300493,润欣科技,,半导体及元件,
300494,盛天网络,,计算机应用,
300495,美尚生态,,环保工程,
300496,中科创达,,计算机应用,
300497,富祥股份,,化学制药,
600000,浦发银行,3,银行,
600004,白云机场,,机场航运,
600005,武钢股份,3,钢铁,
600006,东风汽车,3,汽车整车,
600007,中国国贸,3,房地产开发,
600008,首创股份,3,燃气水务,
600009,上海机场,3,机场航运,
600010,包钢股份,3,钢铁,
600011,华能国际,3,电力,
600012,皖通高速,,公路铁路运输,
600015,华夏银行,3,银行,
600016,民生银行,3,银行,
600017,日照港,3,港口航运,
600018,上港集团,3,港口航运,
600019,宝钢股份,3,钢铁,
600020,中原高速,,公路铁路运输,
600021,上海电力,3,电力,
600022,山东钢铁,3,钢铁,
600023,浙能电力,3,电力,
600026,中海发展,3,港口航运,
600027,华电国际,3,电力,
600028,中国石化,3,基础化学,
600029,南方航空,3,机场航运,
600030,XD中信证,3,证券,
600031,三一重工,3,专用设备,
600033,福建高速,,公路铁路运输,
600035,楚天高速,,公路铁路运输,
600036,招商银行,3,银行,
600037,歌华有线,3,通信服务,
600038,中直股份,3,国防军工,
600039,四川路桥,3,建筑装饰,
600048,保利地产,3,房地产开发,
600050,中国联通,3,通信服务,
600051,宁波联合,,综合,
600052,浙江广厦,,房地产开发,
600053,中江地产,,综合,
600054,黄山旅游,,景点及旅游,
600055,华润万东,,医疗器械服务,
600056,中国医药,3,医药商业,
600057,象屿股份,,物流,
600058,五矿发展,3,贸易,
600059,古越龙山,3,饮料制造,
600060,海信电器,3,视听器材,
600061,国投安信,,化工合成材料,
600062,华润双鹤,3,化学制药,
600063,皖维高新,3,化工合成材料,
600064,南京高科,,园区开发,
600066,宇通客车,3,汽车整车,
600067,冠城大通,3,房地产开发,
600068,葛洲坝,3,建筑装饰,
600070,浙江富润,,纺织制造,
600072,钢构工程,,国防军工,
600073,上海梅林,3,食品加工制造,
600074,保千里,,其他电子,
600075,新疆天业,,基础化学,
600076,青鸟华光,,通信设备,
600077,宋都股份,3,房地产开发,
600078,澄星股份,3,化学制品,
600079,人福医药,3,化学制药,
600080,金花股份,,生物制品,
600081,东风科技,,汽车零部件,
600082,海泰发展,,贸易,
600083,博信股份,,综合,
600084,中葡股份,,饮料制造,
600085,同仁堂,3,中药,
600086,东方金钰,3,家用轻工,
600088,中视传媒,3,传媒,
600089,特变电工,3,电气设备,
600090,啤酒花,,饮料制造,
600093,禾嘉股份,,汽车零部件,
600094,大名城,3,房地产开发,
600095,哈高科,,房地产开发,
600096,云天化,3,化学制品,
600097,开创国际,,养殖业,
600098,广州发展,3,电力,
600099,林海股份,,非汽车交运,
600100,同方股份,3,计算机设备,
600101,明星电力,,电力,
600103,青山纸业,,造纸,
600104,上汽集团,3,汽车整车,
600105,永鼎股份,,通信设备,
600106,重庆路桥,,公路铁路运输,
600107,美尔雅,3,服装家纺,
600108,亚盛集团,3,种植业与林业,
600109,国金证券,3,证券,
600110,中科英华,3,电气设备,
600111,北方稀土,3,有色冶炼加工,
600112,天成控股,3,电气设备,
600113,浙江东日,3,房地产开发,
600114,东睦股份,,新材料,
600115,东方航空,3,机场航运,
600116,三峡水利,3,电力,
600117,西宁特钢,,钢铁,
600118,中国卫星,3,国防军工,
600119,长江投资,3,物流,
600120,浙江东方,3,贸易,
600121,郑州煤电,,煤炭开采,
600122,宏图高科,,零售,
600123,兰花科创,3,煤炭开采,
600125,铁龙物流,3,公路铁路运输,
600126,杭钢股份,,钢铁,
600127,金健米业,,农产品加工,
600128,弘业股份,,贸易,
600129,太极集团,,中药,
600130,波导股份,,通信设备,
600131,岷江水电,,电力,
600132,重庆啤酒,3,饮料制造,
600133,东湖高新,,综合,
600135,乐凯胶片,3,家用轻工,
600136,道博股份,,传媒,
600137,浪莎股份,,服装家纺,
600138,中青旅,3,景点及旅游,
600139,西部资源,3,有色冶炼加工,
600141,兴发集团,3,化学制品,
600143,金发科技,3,化工合成材料,
600146,大元股份,3,有色冶炼加工,
600148,长春一东,,汽车零部件,
600149,廊坊发展,3,房地产开发,
600150,中国船舶,3,国防军工,
600151,航天机电,3,电气设备,
600152,维科精华,,纺织制造,
600153,建发股份,3,物流,
600155,宝硕股份,3,化工合成材料,
600156,华升股份,,纺织制造,
600157,永泰能源,3,煤炭开采,
600158,中体产业,3,房地产开发,
600159,大龙地产,,房地产开发,
600160,巨化股份,3,化学制品,
600161,天坛生物,3,生物制品,
600162,香江控股,,房地产开发,
600165,新日恒力,,通用设备,
600166,福田汽车,3,汽车整车,
600167,联美控股,,电力,
600168,武汉控股,,燃气水务,
600169,太原重工,3,专用设备,
600170,上海建工,3,建筑装饰,
600171,上海贝岭,3,半导体及元件,
600172,黄河旋风,,通用设备,
600173,卧龙地产,,房地产开发,
600175,美都能源,3,房地产开发,
600176,中国巨石,3,化工新材料,
600177,雅戈尔,3,服装家纺,
600178,东安动力,,汽车零部件,
600179,黑化股份,3,煤炭开采,
600180,瑞茂通,,物流,
600182,S佳通,,化工合成材料,
600183,生益科技,3,半导体及元件,
600184,光电股份,,国防军工,
600185,格力地产,3,房地产开发,
600186,莲花味精,3,食品加工制造,
600187,国中水务,3,燃气水务,
600188,兖州煤业,3,煤炭开采,
600189,吉林森工,,种植业与林业,
600190,锦州港,,港口航运,
600191,华资实业,,农产品加工,
600192,长城电工,,电气设备,
600193,创兴资源,3,石油矿业开采,
600195,中牧股份,,农业服务,
600196,复星医药,3,生物制品,
600197,伊力特,3,饮料制造,
600198,大唐电信,3,通信设备,
600199,金种子酒,3,饮料制造,
600200,江苏吴中,3,综合,
600201,金宇集团,3,农业服务,
600202,哈空调,,电气设备,
600203,福日电子,,光学光电子,
600206,有研新材,3,半导体及元件,
600207,安彩高科,,综合,
600208,新湖中宝,3,房地产开发,
600209,罗顿发展,3,建筑装饰,
600210,紫江企业,3,包装印刷,
600211,西藏药业,,中药,
600212,江泉实业,,综合,
600213,亚星客车,,汽车整车,
600215,长春经开,,园区开发,
600216,浙江医药,3,化学制药,
600218,全柴动力,3,通用设备,
600219,南山铝业,3,有色冶炼加工,
600220,江苏阳光,3,纺织制造,
600221,海南航空,3,机场航运,
600222,太龙药业,3,中药,
600223,鲁商置业,3,房地产开发,
600225,天津松江,3,房地产开发,
600226,升华拜克,,农业服务,
600227,赤天化,,化学制品,
600228,昌九生化,,化学制品,
600229,青岛碱业,3,基础化学,
600230,沧州大化,3,化工新材料,
600231,凌钢股份,,钢铁,
600232,金鹰股份,,纺织制造,
600233,大杨创世,,服装家纺,
600234,山水文化,,综合,
600235,民丰特纸,,造纸,
600236,桂冠电力,,电力,
600237,铜峰电子,3,半导体及元件,
600238,海南椰岛,,饮料制造,
600239,云南城投,3,房地产开发,
600240,华业资本,3,房地产开发,
600241,时代万恒,,贸易,
600243,青海华鼎,,通用设备,
600246,万通地产,,房地产开发,
600248,延长化建,,建筑装饰,
600249,两面针,,化学制品,
600250,南纺股份,,贸易,
600251,冠农股份,3,农产品加工,
600252,中恒集团,3,中药,
600255,鑫科材料,,有色冶炼加工,
600256,广汇能源,3,基础化学,
600257,大湖股份,3,养殖业,
600258,首旅酒店,,景点及旅游,
600259,广晟有色,3,有色冶炼加工,
600260,凯乐科技,3,综合,
600261,阳光照明,3,其他电子,
600262,北方股份,,非汽车交运,
600266,北京城建,3,房地产开发,
600267,海正药业,3,化学制药,
600268,国电南自,,电气设备,
600269,赣粤高速,,公路铁路运输,
600270,外运发展,3,物流,
600271,航天信息,3,计算机应用,
600272,开开实业,,服装家纺,
600273,嘉化能源,,化学制品,
600275,武昌鱼,,综合,
600276,恒瑞医药,3,化学制药,
600277,亿利能源,3,综合,
600278,东方创业,,贸易,
600279,重庆港九,,港口航运,
600280,中央商场,,零售,
600281,太化股份,,基础化学,
600282,南钢股份,,钢铁,
600283,钱江水利,,燃气水务,
600284,浦东建设,,建筑装饰,
600285,羚锐制药,3,中药,
600287,江苏舜天,,贸易,
600288,大恒科技,3,其他电子,
600289,亿阳信通,3,通信设备,
600290,华仪电气,,电气设备,
600291,西水股份,,保险及其他,
600292,中电远达,3,环保工程,
600293,三峡新材,3,建筑材料,
600295,鄂尔多斯,,石油矿业开采,
600297,广汇汽车,,交运设备服务,
600298,安琪酵母,3,农产品加工,
600299,蓝星新材,,化学制品,
600300,维维股份,3,饮料制造,
600302,标准股份,,专用设备,
600303,曙光股份,,汽车整车,
600305,恒顺醋业,,食品加工制造,
600306,商业城,,零售,
600307,酒钢宏兴,3,钢铁,
600308,华泰股份,,造纸,
600309,万华化学,3,化工新材料,
600310,桂东电力,,电力,
600311,荣华实业,3,有色冶炼加工,
600312,平高电气,3,电气设备,
600313,农发种业,,农业服务,
600315,上海家化,3,化学制品,
600316,洪都航空,3,国防军工,
600317,营口港,,港口航运,
600318,巢东股份,3,建筑材料,
600319,亚星化学,,化学制品,
600320,振华重工,3,专用设备,
600321,国栋建设,3,建筑材料,
600322,天房发展,,房地产开发,
600323,瀚蓝环境,3,燃气水务,
600325,华发股份,3,房地产开发,
600326,西藏天路,,建筑材料,
600327,大东方,,零售,
600328,兰太实业,,基础化学,
600329,中新药业,3,中药,
600330,天通股份,3,新材料,
600331,宏达股份,3,有色冶炼加工,
600332,白云山,3,中药,
600333,长春燃气,3,燃气水务,
600335,国机汽车,3,交运设备服务,
600336,澳柯玛,3,白色家电,
600337,美克家居,,家用轻工,
600338,西藏珠峰,,有色冶炼加工,
600339,天利高新,,化工新材料,
600340,华夏幸福,3,房地产开发,
600343,航天动力,3,国防军工,
600345,长江通信,,通信设备,
600346,大橡塑,,专用设备,
600348,阳泉煤业,3,煤炭开采,
600350,山东高速,3,公路铁路运输,
600351,亚宝药业,,中药,
600352,浙江龙盛,3,化学制品,
600353,旭光股份,,电气设备,
600354,敦煌种业,3,种植业与林业,
600355,精伦电子,,通信设备,
600356,恒丰纸业,,造纸,
600358,国旅联合,,景点及旅游,
600359,新农开发,,种植业与林业,
600360,华微电子,,半导体及元件,
600361,华联综超,,零售,
600362,江西铜业,3,有色冶炼加工,
600363,联创光电,3,光学光电子,
600365,通葡股份,,饮料制造,
600366,宁波韵升,3,新材料,
600367,红星发展,,基础化学,
600368,五洲交通,,公路铁路运输,
600369,西南证券,3,证券,
600370,三房巷,,纺织制造,
600371,万向德农,,种植业与林业,
600372,中航电子,3,国防军工,
600373,中文传媒,3,传媒,
600375,华菱星马,3,专用设备,
600376,首开股份,3,房地产开发,
600377,宁沪高速,3,公路铁路运输,
600378,天科股份,,化学制品,
600379,宝光股份,,电气设备,
600380,健康元,3,化学制药,
600381,青海春天,,中药,
600382,广东明珠,3,通用设备,
600383,金地集团,3,房地产开发,
600385,山东金泰,,家用轻工,
600386,北巴传媒,3,传媒,
600387,海越股份,3,基础化学,
600388,龙净环保,3,专用设备,
600389,江山股份,3,化学制品,
600390,金瑞科技,3,新材料,
600391,成发科技,3,国防军工,
600392,盛和资源,3,有色冶炼加工,
600393,东华实业,,房地产开发,
600395,盘江股份,3,煤炭开采,
600396,金山股份,,电力,
600397,安源煤业,,煤炭开采,
600398,海澜之家,,服装家纺,
600399,抚顺特钢,,钢铁,
600400,红豆股份,,服装家纺,
600403,大有能源,,煤炭开采,
600405,动力源,,电气设备,
600406,国电南瑞,3,电气设备,
600409,三友化工,3,基础化学,
600410,华胜天成,3,计算机应用,
600415,小商品城,3,零售,
600416,湘电股份,3,电气设备,
600418,江淮汽车,3,汽车整车,
600419,天润乳业,,食品加工制造,
600420,现代制药,,化学制药,
600421,仰帆控股,,综合,
600422,昆药集团,3,中药,
600423,柳化股份,,化学制品,
600425,青松建化,3,建筑材料,
600426,华鲁恒升,3,化学制品,
600428,中远航运,,港口航运,
600429,三元股份,,食品加工制造,
600432,吉恩镍业,3,有色冶炼加工,
600433,冠豪高新,3,造纸,
600435,北方导航,3,国防军工,
600436,片仔癀,3,中药,
600438,通威股份,,农产品加工,
600439,瑞贝卡,,家用轻工,
600446,金证股份,3,计算机应用,
600448,华纺股份,,纺织制造,
600449,宁夏建材,3,建筑材料,
600452,涪陵电力,,电力,
600455,博通股份,,计算机应用,
600456,宝钛股份,3,有色冶炼加工,
600458,时代新材,3,化学制品,
600459,贵研铂业,3,有色冶炼加工,
600460,士兰微,3,光学光电子,
600461,洪城水业,,燃气水务,
600462,石岘纸业,,造纸,
600463,空港股份,,园区开发,
600466,蓝光发展,,房地产开发,
600467,好当家,3,养殖业,
600468,百利电气,,电气设备,
600469,风神股份,,化工合成材料,
600470,六国化工,3,化学制品,
600475,华光股份,,电气设备,
600476,湘邮科技,,计算机应用,
600477,杭萧钢构,,建筑装饰,
600478,科力远,3,新材料,
600479,千金药业,,中药,
600480,凌云股份,,汽车零部件,
600481,双良节能,3,通用设备,
600482,风帆股份,3,汽车零部件,
600483,福能股份,3,电力,
600485,信威集团,,通信设备,
600486,扬农化工,3,化学制品,
600487,亨通光电,,通信设备,
600488,天药股份,,化学制药,
600489,中金黄金,3,有色冶炼加工,
600490,鹏欣资源,3,有色冶炼加工,
600491,龙元建设,3,建筑装饰,
600493,凤竹纺织,,纺织制造,
600495,晋西车轴,3,非汽车交运,
600496,精工钢构,,建筑装饰,
600497,驰宏锌锗,3,有色冶炼加工,
600498,烽火通信,3,通信设备,
600499,科达洁能,3,专用设备,
600500,中化国际,3,化学制品,
600501,航天晨光,,专用设备,
600502,安徽水利,3,建筑装饰,
600503,华丽家族,3,房地产开发,
600505,西昌电力,,电力,
600506,香梨股份,,种植业与林业,
600507,方大特钢,,钢铁,
600508,上海能源,,煤炭开采,
600509,天富能源,3,电力,
600510,黑牡丹,,纺织制造,
600511,国药股份,,医药商业,
600512,腾达建设,,建筑装饰,
600513,联环药业,,化学制药,
600515,海岛建设,3,零售,
600516,方大炭素,3,新材料,
600517,置信电气,3,电气设备,
600518,康美药业,3,中药,
600519,贵州茅台,3,饮料制造,
600520,中发科技,,通用设备,
600521,华海药业,3,化学制药,
600522,中天科技,3,通信设备,
600523,贵航股份,3,汽车零部件,
600525,长园集团,3,电气设备,
600526,菲达环保,3,专用设备,
600527,江南高纤,,化工合成材料,
600528,中铁二局,3,建筑装饰,
600529,山东药玻,,医疗器械服务,
600530,XD交大昂,,生物制品,
600531,豫光金铅,,有色冶炼加工,
600532,宏达矿业,,石油矿业开采,
600533,栖霞建设,,房地产开发,
600535,天士力,3,中药,
600536,中国软件,3,计算机应用,
600537,亿晶光电,3,电气设备,
600538,国发股份,,化学制品,
600540,新赛股份,,种植业与林业,
600543,莫高股份,3,饮料制造,
600545,新疆城建,3,建筑装饰,
600546,山煤国际,3,煤炭开采,
600547,山东黄金,3,有色冶炼加工,
600548,深高速,,公路铁路运输,
600549,厦门钨业,3,有色冶炼加工,
600550,保变电气,,电气设备,
600551,时代出版,3,传媒,
600552,方兴科技,,建筑材料,
600555,九龙山,,房地产开发,
600556,慧球科技,,综合,
600557,康缘药业,3,中药,
600558,大西洋,,通用设备,
600559,老白干酒,3,饮料制造,
600560,金自天正,,专用设备,
600561,江西长运,,公交,
600562,国睿科技,,建筑材料,
600563,法拉电子,3,半导体及元件,
600565,迪马股份,,房地产开发,
600566,济川药业,3,化学制药,
600567,山鹰纸业,,造纸,
600568,中珠控股,3,房地产开发,
600569,安阳钢铁,,钢铁,
600570,恒生电子,3,计算机应用,
600571,信雅达,,计算机应用,
600572,康恩贝,3,中药,
600573,惠泉啤酒,,饮料制造,
600575,皖江物流,3,港口航运,
600576,万好万家,,房地产开发,
600577,精达股份,,通用设备,
600578,京能电力,3,电力,
600579,天华院,,专用设备,
600580,卧龙电气,3,电气设备,
600581,八一钢铁,,钢铁,
600582,天地科技,3,专用设备,
600583,海油工程,3,采掘服务,
600584,长电科技,3,半导体及元件,
600585,海螺水泥,3,建筑材料,
600586,金晶科技,,建筑材料,
600587,新华医疗,3,医疗器械服务,
600588,用友网络,3,计算机应用,
600589,广东榕泰,,化学制品,
600590,泰豪科技,,电气设备,
600592,龙溪股份,3,通用设备,
600593,大连圣亚,,景点及旅游,
600594,益佰制药,3,中药,
600595,中孚实业,3,有色冶炼加工,
600596,新安股份,3,化学制品,
600597,光明乳业,3,食品加工制造,
600598,北大荒,,种植业与林业,
600599,熊猫金控,,家用轻工,
600600,青岛啤酒,3,饮料制造,
600601,方正科技,3,计算机设备,
600602,仪电电子,,光学光电子,
600603,大洲兴业,,有色冶炼加工,
600604,市北高新,3,园区开发,
600605,汇通能源,,贸易,
600606,金丰投资,3,房地产开发,
600609,金杯汽车,3,汽车整车,
600610,中毅达,,建筑装饰,
600611,大众交通,3,公交,
600612,老凤祥,,家用轻工,
600613,神奇制药,,中药,
600614,鼎立股份,3,综合,
600615,丰华股份,,新材料,
600616,金枫酒业,3,饮料制造,
600617,国新能源,,燃气水务,
600618,氯碱化工,,基础化学,
600619,海立股份,,白色家电,
600620,天宸股份,3,房地产开发,
600621,华鑫股份,,房地产开发,
600622,嘉宝集团,,房地产开发,
600623,双钱股份,,化工合成材料,
600624,复旦复华,3,综合,
600626,申达股份,3,纺织制造,
600628,新世界,,零售,
600629,棱光实业,,建筑材料,
600630,龙头股份,,服装家纺,
600633,浙报传媒,3,传媒,
600634,中技控股,,建筑材料,
600635,大众公用,3,保险及其他,
600636,三爱富,3,化学制品,
600637,东方明珠,3,通信服务,
600638,新黄浦,,房地产开发,
600639,浦东金桥,3,园区开发,
600640,号百控股,3,景点及旅游,
600641,万业企业,,房地产开发,
600642,申能股份,3,电力,
600643,爱建股份,3,保险及其他,
600645,中源协和,3,生物制品,
600647,同达创业,,房地产开发,
600648,外高桥,3,园区开发,
600649,城投控股,3,房地产开发,
600650,锦江投资,,公交,
600651,飞乐音响,3,其他电子,
600652,游久游戏,3,传媒,
600653,申华控股,3,交运设备服务,
600654,中安消,3,计算机应用,
600655,豫园商城,3,零售,
600657,信达地产,,房地产开发,
600658,电子城,,园区开发,
600660,福耀玻璃,3,汽车零部件,
600661,新南洋,3,传媒,
600662,强生控股,3,公交,
600663,陆家嘴,3,园区开发,
600664,哈药股份,3,化学制药,
600665,天地源,,房地产开发,
600666,奥瑞德,,光学光电子,
600667,太极实业,3,半导体及元件,
600668,尖峰集团,3,建筑材料,
600671,天目药业,,中药,
600673,东阳光科,3,有色冶炼加工,
600674,川投能源,3,电力,
600675,中华企业,3,房地产开发,
600676,交运股份,,物流,
600677,航天通信,3,国防军工,
600678,四川金顶,,建筑材料,
600679,金山开发,,非汽车交运,
600680,上海普天,3,计算机设备,
600681,万鸿集团,,建筑装饰,
600682,南京新百,,零售,
600683,京投银泰,,房地产开发,
600684,珠江实业,3,房地产开发,
600685,中船防务,,国防军工,
600686,金龙汽车,,汽车整车,
600687,刚泰控股,,有色冶炼加工,
600688,上海石化,3,基础化学,
600689,上海三毛,,纺织制造,
600690,青岛海尔,3,白色家电,
600692,亚通股份,3,港口航运,
600693,东百集团,,零售,
600694,大商股份,3,零售,
600695,绿庭投资,,食品加工制造,
600696,匹凸匹,3,房地产开发,
600697,欧亚集团,,零售,
600698,湖南天雁,,汽车零部件,
600699,均胜电子,3,汽车零部件,
600701,工大高新,,综合,
600702,沱牌舍得,3,饮料制造,
600703,三安光电,3,光学光电子,
600704,物产中大,3,零售,
600705,中航资本,3,保险及其他,
600706,曲江文旅,,景点及旅游,
600707,彩虹股份,3,光学光电子,
600708,海博股份,,综合,
600711,盛屯矿业,3,有色冶炼加工,
600712,南宁百货,,零售,
600713,南京医药,,医药商业,
600714,金瑞矿业,,煤炭开采,
600716,凤凰股份,3,房地产开发,
600717,天津港,3,港口航运,
600718,东软集团,3,计算机应用,
600719,大连热电,,电力,
600720,祁连山,3,建筑材料,
600721,百花村,,煤炭开采,
600723,首商股份,,零售,
600724,宁波富达,,房地产开发,
600725,云维股份,,化工合成材料,
600726,华电能源,,电力,
600727,鲁北化工,,化学制品,
600728,佳都科技,3,计算机应用,
600729,重庆百货,3,零售,
600730,中国高科,3,综合,
600731,湖南海利,,化学制品,
600733,S前锋,,房地产开发,
600734,实达集团,,房地产开发,
600735,新华锦,,贸易,
600736,苏州高新,,房地产开发,
600737,中粮屯河,3,农产品加工,
600738,兰州民百,,零售,
600739,辽宁成大,3,贸易,
600740,山西焦化,3,煤炭开采,
600741,华域汽车,3,汽车零部件,
600742,一汽富维,3,汽车零部件,
600743,华远地产,3,房地产开发,
600744,华银电力,3,电力,
600745,中茵股份,,房地产开发,
600746,江苏索普,,化学制品,
600747,大连控股,3,保险及其他,
600748,上实发展,3,房地产开发,
600749,西藏旅游,,景点及旅游,
600750,江中药业,3,中药,
600751,天海投资,3,港口航运,
600753,东方银星,,房地产开发,
600754,锦江股份,,酒店及餐饮,
600755,厦门国贸,3,贸易,
600756,浪潮软件,3,计算机应用,
600757,长江传媒,3,传媒,
600758,红阳能源,,电力,
600759,洲际油气,3,石油矿业开采,
600760,中航黑豹,,国防军工,
600761,安徽合力,3,专用设备,
600763,通策医疗,,医疗器械服务,
600764,中电广通,,半导体及元件,
600765,中航重机,3,通用设备,
600766,园城黄金,,有色冶炼加工,
600767,运盛医疗,,房地产开发,
600768,宁波富邦,,有色冶炼加工,
600769,祥龙电业,,燃气水务,
600770,综艺股份,3,半导体及元件,
600771,广誉远,3,化学制药,
600773,西藏城投,3,房地产开发,
600774,汉商集团,,零售,
600775,南京熊猫,3,通信设备,
600776,东方通信,3,通信设备,
600777,新潮实业,3,房地产开发,
600778,友好集团,,零售,
600780,通宝能源,,电力,
600781,辅仁药业,,中药,
600782,新钢股份,,钢铁,
600783,鲁信创投,3,保险及其他,
600784,鲁银投资,,钢铁,
600785,新华百货,,零售,
600787,中储股份,3,物流,
600789,鲁抗医药,3,化学制药,
600790,轻纺城,3,零售,
600791,京能置业,,房地产开发,
600792,云煤能源,,煤炭开采,
600794,保税科技,,物流,
600795,国电电力,3,电力,
600796,钱江生化,,生物制品,
600797,浙大网新,3,计算机应用,
600798,宁波海运,,港口航运,
600800,天津磁卡,3,其他电子,
600801,华新水泥,3,建筑材料,
600802,福建水泥,3,建筑材料,
600803,新奥股份,,化学制品,
600804,鹏博士,3,通信服务,
600805,悦达投资,3,汽车整车,
600806,昆明机床,,通用设备,
600807,天业股份,3,房地产开发,
600808,马钢股份,3,钢铁,
600809,山西汾酒,3,饮料制造,
600810,神马股份,,化工合成材料,
600811,东方集团,3,综合,
600812,华北制药,,化学制药,
600814,杭州解百,,零售,
600815,厦工股份,3,专用设备,
600816,安信信托,3,保险及其他,
600818,中路股份,,综合,
600819,耀皮玻璃,,建筑材料,
600820,隧道股份,3,建筑装饰,
600821,津劝业,,零售,
600822,上海物贸,,贸易,
600823,世茂股份,3,房地产开发,
600824,益民集团,,零售,
600825,新华传媒,3,传媒,
600826,兰生股份,3,贸易,
600827,百联股份,3,零售,
600828,成商集团,,零售,
600829,人民同泰,,化学制药,
600830,香溢融通,3,保险及其他,
600831,广电网络,3,通信服务,
600833,第一医药,,医药商业,
600834,申通地铁,,公交,
600835,上海机电,3,专用设备,
600836,界龙实业,,包装印刷,
600837,海通证券,3,证券,
600838,上海九百,3,零售,
600839,四川长虹,3,视听器材,
600841,上柴股份,,通用设备,
600843,上工申贝,,专用设备,
600844,丹化科技,3,化学制品,
600845,宝信软件,,计算机应用,
600846,同济科技,3,综合,
600847,万里股份,,电气设备,
600848,自仪股份,,仪器仪表,
600850,华东电脑,,计算机设备,
600851,海欣股份,3,综合,
600853,龙建股份,,建筑装饰,
600854,春兰股份,,白色家电,
600855,航天长峰,3,计算机设备,
600856,长百集团,,燃气水务,
600857,宁波中百,,贸易,
600858,银座股份,,零售,
600859,王府井,3,零售,
600860,京城股份,,通用设备,
600861,北京城乡,,零售,
600862,南通科技,,通用设备,
600863,内蒙华电,3,电力,
600864,哈投股份,,电力,
600865,百大集团,,零售,
600866,星湖科技,,食品加工制造,
600867,通化东宝,3,生物制品,
600868,梅雁吉祥,3,电力,
600869,智慧能源,,电气设备,
600871,石化油服,,采掘服务,
600872,中炬高新,3,食品加工制造,
600873,梅花生物,3,食品加工制造,
600874,创业环保,3,燃气水务,
600875,东方电气,3,电气设备,
600876,洛阳玻璃,,建筑材料,
600877,中国嘉陵,3,非汽车交运,
600879,航天电子,3,国防军工,
600880,博瑞传播,3,传媒,
600881,亚泰集团,3,建筑材料,
600882,华联矿业,,石油矿业开采,
600883,博闻科技,,综合,
600884,杉杉股份,3,综合,
600885,宏发股份,,电气设备,
600886,国投电力,3,电力,
600887,伊利股份,3,食品加工制造,
600888,新疆众和,,有色冶炼加工,
600889,南京化纤,,化工合成材料,
600890,中房股份,,房地产开发,
600891,秋林集团,,零售,
600892,宝诚股份,,综合,
600893,中航动力,3,国防军工,
600894,广日股份,3,专用设备,
600895,张江高科,3,园区开发,
600896,中海海盛,,港口航运,
600897,厦门空港,,机场航运,
600898,三联商社,,零售,
600900,长江电力,3,电力,
600917,重庆燃气,,燃气水务,
600958,东方证券,,证券,
600959,江苏有线,,通信服务,
600960,渤海活塞,,通用设备,
600961,株冶集团,,有色冶炼加工,
600963,岳阳林纸,,造纸,
600965,福成五丰,,养殖业,
600966,博汇纸业,,造纸,
600967,北方创业,3,非汽车交运,
600969,郴电国际,,电力,
600970,中材国际,3,建筑装饰,
600971,恒源煤电,3,煤炭开采,
600973,宝胜股份,,电气设备,
600975,新五丰,,养殖业,
600976,健民集团,3,中药,
600978,宜华木业,3,家用轻工,
600979,广安爱众,,电力,
600980,北矿磁材,,新材料,
600981,汇鸿股份,,贸易,
600982,宁波热电,,电力,
600983,惠而浦,,白色家电,
600985,雷鸣科化,,化学制品,
600986,科达股份,,建筑装饰,
600987,航民股份,3,纺织制造,
600988,赤峰黄金,,有色冶炼加工,
600990,四创电子,,国防军工,
600992,贵绳股份,,通用设备,
600993,马应龙,3,中药,
600995,文山电力,,电力,
600997,开滦股份,,煤炭开采,
600998,九州通,3,医药商业,
600999,招商证券,3,证券,
601000,唐山港,3,港口航运,
601001,大同煤业,3,煤炭开采,
601002,晋亿实业,3,通用设备,
601003,柳钢股份,,钢铁,
601005,重庆钢铁,3,钢铁,
601006,大秦铁路,3,公路铁路运输,
601007,金陵饭店,,酒店及餐饮,
601008,连云港,,港口航运,
601009,南京银行,3,银行,
601010,文峰股份,,零售,
601011,宝泰隆,,煤炭开采,
601012,隆基股份,3,电气设备,
601015,陕西黑猫,,煤炭开采,
601016,节能风电,,电力,
601018,宁波港,3,港口航运,
601021,春秋航空,,机场航运,
601028,玉龙股份,,通用设备,
601038,一拖股份,3,专用设备,
601058,赛轮金宇,,化工合成材料,
601069,西部黄金,,有色冶炼加工,
601088,中国神华,3,煤炭开采,
601098,中南传媒,3,传媒,
601099,太平洋,3,证券,
601100,恒立油缸,,通用设备,
601101,昊华能源,3,煤炭开采,
601106,中国一重,3,专用设备,
601107,四川成渝,,公路铁路运输,
601111,中国国航,3,机场航运,
601113,华鼎股份,,化工合成材料,
601116,三江购物,,零售,
601117,中国化学,3,建筑装饰,
601118,海南橡胶,3,种植业与林业,
601126,四方股份,,电气设备,
601137,博威合金,,有色冶炼加工,
601139,深圳燃气,3,燃气水务,
601158,重庆水务,3,燃气水务,
601166,兴业银行,3,银行,
601168,西部矿业,3,有色冶炼加工,
601169,北京银行,3,银行,
601177,杭齿前进,,通用设备,
601179,中国西电,3,电气设备,
601186,中国铁建,3,建筑装饰,
601188,龙江交通,,公路铁路运输,
601198,东兴证券,,证券,
601199,江南水务,,燃气水务,
601208,东材科技,,化工合成材料,
601211,国泰君安,,证券,
601216,内蒙君正,3,基础化学,
601218,吉鑫科技,3,电气设备,
601222,林洋电子,,电气设备,
601225,陕西煤业,3,煤炭开采,
601226,华电重工,,建筑装饰,
601231,环旭电子,3,电子制造,
601233,桐昆股份,,化工合成材料,
601238,广汽集团,3,汽车整车,
601258,庞大集团,3,交运设备服务,
601288,农业银行,3,银行,
601311,骆驼股份,3,汽车零部件,
601313,江南嘉捷,,专用设备,
601318,中国平安,3,保险及其他,
601328,交通银行,3,银行,
601333,广深铁路,3,公路铁路运输,
601336,新华保险,3,保险及其他,
601339,百隆东方,,纺织制造,
601368,绿城水务,,燃气水务,
601369,陕鼓动力,3,通用设备,
601377,兴业证券,3,证券,
601388,怡球资源,3,有色冶炼加工,
601390,中国中铁,3,建筑装饰,
601398,工商银行,3,银行,
601515,东风股份,,包装印刷,
601518,吉林高速,,公路铁路运输,
601519,大智慧,3,计算机应用,
601555,东吴证券,3,证券,
601558,华锐风电,,电气设备,
601566,九牧王,,服装家纺,
601567,三星电气,,电气设备,
601579,会稽山,,饮料制造,
601588,北辰实业,,房地产开发,
601599,鹿港科技,,纺织制造,
601600,中国铝业,3,有色冶炼加工,
601601,中国太保,3,保险及其他,
601607,上海医药,3,医药商业,
601608,中信重工,3,专用设备,
601616,广电电气,,电气设备,
601618,中国中冶,3,建筑装饰,
601628,中国人寿,3,保险及其他,
601633,长城汽车,3,汽车整车,
601636,旗滨集团,,建筑材料,
601666,平煤股份,3,煤炭开采,
601668,中国建筑,3,建筑装饰,
601669,中国电建,3,建筑装饰,
601677,明泰铝业,,有色冶炼加工,
601678,滨化股份,3,化工新材料,
601688,华泰证券,3,证券,
601689,拓普集团,,汽车零部件,
601699,潞安环能,3,煤炭开采,
601700,风范股份,,电气设备,
601717,郑煤机,3,专用设备,
601718,际华集团,3,服装家纺,
601727,上海电气,3,电气设备,
601766,中国中车,3,非汽车交运,
601777,力帆股份,3,汽车整车,
601788,光大证券,3,证券,
601789,宁波建工,3,建筑装饰,
601798,蓝科高新,,专用设备,
601799,星宇股份,,汽车零部件,
601800,中国交建,3,建筑装饰,
601801,皖新传媒,3,传媒,
601808,中海油服,3,采掘服务,
601818,光大银行,3,银行,
601857,中国石油,3,石油矿业开采,
601866,中海集运,3,港口航运,
601872,招商轮船,3,港口航运,
601877,正泰电器,3,电气设备,
601880,大连港,3,港口航运,
601886,江河创建,3,建筑装饰,
601888,中国国旅,3,景点及旅游,
601890,亚星锚链,,国防军工,
601898,中煤能源,3,煤炭开采,
601899,紫金矿业,3,有色冶炼加工,
601901,方正证券,3,证券,
601908,京运通,,电气设备,
601918,国投新集,3,煤炭开采,
601919,中国远洋,3,港口航运,
601928,凤凰传媒,3,传媒,
601929,吉视传媒,3,通信服务,
601933,永辉超市,3,零售,
601939,建设银行,3,银行,
601958,金钼股份,3,有色冶炼加工,
601965,中国汽研,,交运设备服务,
601968,宝钢包装,,包装印刷,
601969,海南矿业,,石油矿业开采,
601985,中国核电,,电力,
601988,中国银行,3,银行,
601989,中国重工,3,国防军工,
601991,大唐发电,3,电力,
601992,金隅股份,3,房地产开发,
601996,丰林集团,3,家用轻工,
601998,中信银行,3,银行,
601999,出版传媒,3,传媒,
603000,人民网,3,通信服务,
603001,奥康国际,,服装家纺,
603002,宏昌电子,,化学制品,
603003,龙宇燃油,,基础化学,
603005,晶方科技,,半导体及元件,
603006,联明股份,,汽车零部件,
603008,喜临门,,家用轻工,
603009,北特科技,,汽车零部件,
603010,万盛股份,,化学制品,
603011,合锻股份,,通用设备,
603012,创力集团,,专用设备,
603015,弘讯科技,,电气设备,
603017,园区设计,,建筑装饰,
603018,设计股份,,建筑装饰,
603019,中科曙光,,计算机设备,
603020,爱普股份,,食品加工制造,
603021,山东华鹏,,家用轻工,
603022,新通联,,包装印刷,
603023,威帝股份,,汽车零部件,
603025,大豪科技,,电气设备,
603026,石大胜华,,化工新材料,
603030,全筑股份,,建筑装饰,
603066,音飞储存,,物流,
603077,和邦生物,,基础化学,
603085,天成自控,,汽车零部件,
603088,宁波精达,,通用设备,
603099,长白山,,景点及旅游,
603100,川仪股份,,电气设备,
603108,润达医疗,,医疗器械服务,
603111,康尼机电,,非汽车交运,
603116,红蜻蜓,,服装家纺,
603117,万林股份,,物流,
603118,共进股份,,通信设备,
603123,翠微股份,,零售,
603126,中材节能,,环保工程,
603128,华贸物流,,物流,
603158,腾龙股份,,汽车零部件,
603166,福达股份,,汽车零部件,
603167,渤海轮渡,,港口航运,
603168,莎普爱思,,化学制药,
603169,兰石重装,,专用设备,
603188,亚邦股份,,化学制品,
603198,迎驾贡酒,,饮料制造,
603199,九华旅游,,景点及旅游,
603222,济民制药,,化学制药,
603223,恒通股份,,物流,
603227,雪峰科技,,化学制品,
603268,松发股份,,家用轻工,
603288,海天味业,,食品加工制造,
603299,井神股份,,基础化学,
603300,华铁科技,,保险及其他,
603306,华懋科技,,汽车零部件,
603308,应流股份,,通用设备,
603309,维力医疗,,医疗器械服务,
603311,金海环境,,专用设备,
603315,福鞍股份,,通用设备,
603318,派思股份,,专用设备,
603328,依顿电子,,半导体及元件,
603333,明星电缆,,电气设备,
603338,浙江鼎力,,专用设备,
603355,莱克电气,,白色家电,
603366,日出东方,,白色家电,
603368,柳州医药,,医药商业,
603369,今世缘,,饮料制造,
603398,邦宝益智,,家用轻工,
603399,新华龙,,有色冶炼加工,
603456,九洲药业,,化学制药,
603508,思维列控,,计算机应用,
603518,维格娜丝,,服装家纺,
603519,立霸股份,,白色家电,
603555,贵人鸟,,服装家纺,
603558,健盛集团,,服装家纺,
603566,普莱柯,,农业服务,
603567,珍宝岛,,中药,
603568,伟明环保,,环保工程,
603588,高能环境,,环保工程,
603589,口子窖,,饮料制造,
603598,引力传媒,,传媒,
603599,广信股份,,化学制品,
603600,永艺股份,,家用轻工,
603601,再升科技,,化工新材料,
603606,东方电缆,,电气设备,
603609,禾丰牧业,,农产品加工,
603611,诺力股份,,专用设备,
603616,韩建河山,,建筑材料,
603618,杭电股份,,电气设备,
603636,南威软件,,计算机应用,
603669,灵康药业,,化学制药,
603678,火炬电子,,半导体及元件,
603686,龙马环卫,,专用设备,
603688,石英股份,,新材料,
603696,安记食品,,食品加工制造,
603698,航天工程,,建筑装饰,
603699,纽威股份,,通用设备,
603703,盛洋科技,,通信设备,
603718,海利生物,,农业服务,
603729,龙韵股份,,传媒,
603766,隆鑫通用,,非汽车交运,
603778,乾景园林,,建筑装饰,
603788,宁波高发,,汽车零部件,
603789,星光农机,,专用设备,
603799,华友钴业,,有色冶炼加工,
603800,道森股份,,专用设备,
603806,福斯特,,电气设备,
603808,歌力思,,服装家纺,
603818,曲美股份,,家用轻工,
603828,柯利达,,建筑装饰,
603838,四通股份,,家用轻工,
603866,桃李面包,,食品加工制造,
603869,北部湾旅,,景点及旅游,
603883,老百姓,,医药商业,
603885,吉祥航空,,机场航运,
603889,新澳股份,,纺织制造,
603898,好莱客,,家用轻工,
603899,晨光文具,,包装印刷,
603901,永创智能,,专用设备,
603918,金桥信息,,计算机应用,
603936,博敏电子,,半导体及元件,
603939,益丰药房,,医药商业,
603968,醋化股份,,化学制品,
603969,银龙股份,,通用设备,
603979,金诚信,,采掘服务,
603988,中电电机,,电气设备,
603989,艾华集团,,半导体及元件,
603993,洛阳钼业,3,有色冶炼加工,
603996,中新科技,,视听器材,
603997,继峰股份,,汽车零部件,
603998,方盛制药,,中药,
603999,读者传媒,,传媒,

